"","diaLONG","diaLAT","dianear","dia_country","diayeardisc","DIAINFO","RESINFO"
"1",0.5,26.63,1,"Algeria",1957,"S","alluvial"
"2",0.65,26.6,2,"Algeria",1957,"S","alluvial"
"3",18,-8.77,3,"Angola",NA,"S","alluvial"
"4",20.82,-7.35,4,"Angola",NA,"S","alluvial"
"5",21.37,-7.7,6,"Angola",NA,"S","alluvial"
"6",20.75,-8.42,7,"Angola",NA,"S","alluvial"
"7",20.55,-8.44,8,"Angola",NA,"S","kimberlite; secondary"
"8",20.82,-11.3,9,"Angola",NA,"S","alluvial"
"9",20.38,-9.12,10,"Angola",NA,"S","alluvial"
"10",20.43,-9,11,"Angola",NA,"S","alluvial"
"11",18,-9,12,"Angola",1946,"S","alluvial"
"12",18.05,-9.12,13,"Angola",NA,"S","alluvial"
"13",20.5,-8.08,14,"Angola",1946,"S","alluvial"
"14",20.75,-8.42,15,"Angola",NA,"S","alluvial"
"15",17.83,-8.52,16,"Angola",NA,"S","alluvial"
"16",21.45,-14.1,17,"Angola",NA,"S","alluvial"
"17",21.22,-9.9,19,"Angola",NA,"S","alluvial"
"18",17.77,-13.5,22,"Angola",NA,"S","alluvial"
"19",20.82,-7.35,23,"Angola",NA,"S","alluvial"
"20",15.73,-6.38,24,"Angola",NA,"S","alluvial"
"21",20.57,-8.57,29,"Angola",NA,"S","alluvial"
"22",21.31,-7.78,30,"Angola",NA,"S","alluvial"
"23",21,-7.59,31,"Angola",NA,"S","alluvial"
"24",21.46,-7.77,32,"Angola",NA,"S","alluvial"
"25",20.78,-8.31,33,"Angola",NA,"S","alluvial"
"26",20.71,-8.23,34,"Angola",NA,"S","alluvial"
"27",15.74,-12.78,35,"Angola",NA,"S","alluvial"
"28",16.7,-11.48,36,"Angola",NA,"S","alluvial"
"29",20.4,-9.65,37,"Angola",NA,"S","alluvial"
"30",20.25,-15.8,38,"Angola",NA,"S","alluvial"
"31",16.97,-11.47,39,"Angola",NA,"S","alluvial"
"32",19.33,-17.33,40,"Angola",NA,"S","alluvial"
"33",20.17,-7.33,41,"Angola",NA,"S","alluvial"
"34",21,-8,42,"Angola",1946,"S","alluvial"
"35",17.08,-9.27,43,"Angola",NA,"S","alluvial"
"36",17.22,-8.37,44,"Angola",NA,"S","alluvial"
"37",20.58,-9.67,45,"Angola",NA,"S","alluvial"
"38",21.07,-7.93,46,"Angola",NA,"S","alluvial"
"39",20.8,-12.43,47,"Angola",NA,"S","alluvial"
"40",18.63,-9.83,48,"Angola",NA,"S","alluvial"
"41",18.7,-9.32,49,"Angola",NA,"S","alluvial"
"42",0,0,50,"Angola",NA,"S","alluvial"
"43",15.74,-12.78,51,"Angola",NA,"S","alluvial"
"44",16.32,-9.51,52,"Angola",NA,"S","alluvial"
"45",16.22,-8.62,53,"Angola",NA,"S","alluvial"
"46",0,0,54,"Angola",NA,"S","alluvial"
"47",128.58,-16.64,55,"Australia",1982,"S","alluvial"
"48",150.42,-29.75,56,"Australia",1946,"S","alluvial; kimberlite pipe target"
"49",151.03,-29.92,57,"Australia",1946,"S","alluvial"
"50",149.11,-32.63,58,"Australia",1946,"S","alluvial"
"51",150.05,-33.11,59,"Australia",1946,"S","alluvial"
"52",146.72,-36.37,60,"Australia",1946,"S","alluvial"
"53",138.8,-35.1,61,"Australia",1946,"S","secondary"
"54",128.4,-16.73,63,"Australia",1979,"S","alluvial"
"55",128.4,-16.68,64,"Australia",1979,"S","alluvial"
"56",128.39,-16.7,65,"Australia",1979,"S","alluvial"
"57",124.71,-17.55,66,"Australia",1976,"S","primary; secondary"
"58",136.35,-16.83,72,"Australia",1990,"S","primary; secondary"
"59",126.13,-16.9,88,"Australia",1988,"S","kimberlite; some alluvial"
"60",127.27,-14.31,91,"Australia",NA,"S","kimberlite; secondary"
"61",127.38,-14.44,93,"Australia",1992,"S","primary pipe with alluvials"
"62",124.71,-17.55,94,"Australia",NA,"S","alluvial"
"63",151.32,-30.08,108,"Australia",NA,"S","secondary"
"64",147.71,-23.42,109,"Australia",NA,"U","probable secondary"
"65",143.99,-17.97,110,"Australia",NA,"U","probable secondary"
"66",141.77,-37.27,111,"Australia",NA,"U","probable secondary"
"67",149.5,-32.48,112,"Australia",NA,"S","secondary"
"68",149.4,-32.37,113,"Australia",NA,"U","probable secondary"
"69",149.26,-34.4,114,"Australia",NA,"S","secondary"
"70",149.72,-32.43,115,"Australia",1946,"S","alluvial"
"71",149.45,-32.35,116,"Australia",NA,"U","probable secondary"
"72",149.4,-33.04,117,"Australia",NA,"U","probable secondary"
"73",149.59,-33.04,118,"Australia",NA,"U","probable secondary"
"74",120.08,-21.88,120,"Australia",1946,"S","alluvial"
"75",149.27,-32.62,121,"Australia",1946,"S","alluvial"
"76",-67.58,-14.6,123,"Bolivia",NA,"S","alluvial"
"77",-67.4,-13.53,124,"Bolivia",NA,"S","alluvial"
"78",-67.35,-13.5,125,"Bolivia",NA,"S","alluvial"
"79",-67.5,-14.52,126,"Bolivia",1946,"S","alluvial"
"80",-59.25,-11.75,136,"Brazil",NA,"S","alluvial"
"81",-56.68,-13.73,137,"Brazil",1946,"S","secondary"
"82",-52.88,-18.53,138,"Brazil",1946,"S","alluvial"
"83",-53.97,-13.55,139,"Brazil",NA,"S","secondary"
"84",-54.1,-13.82,140,"Brazil",NA,"S","secondary"
"85",-53.62,-15.85,141,"Brazil",NA,"S","secondary"
"86",-52.52,-16.17,142,"Brazil",1946,"S","secondary"
"87",-55.28,-15.1,143,"Brazil",1946,"S","secondary"
"88",-55.63,-15.28,144,"Brazil",1946,"S","secondary"
"89",-56.03,-14.67,145,"Brazil",1946,"S","secondary"
"90",-56.73,-14.63,146,"Brazil",NA,"S","secondary"
"91",-54.88,-14.93,147,"Brazil",NA,"S","secondary"
"92",-56.42,-14.9,148,"Brazil",NA,"S","secondary"
"93",-54.03,-17.08,149,"Brazil",NA,"S","secondary"
"94",-54.8,-14.32,150,"Brazil",NA,"S","secondary"
"95",-53.75,-16.33,151,"Brazil",1946,"S","secondary"
"96",-52.75,-15.87,152,"Brazil",1946,"S","secondary"
"97",-54.27,-18.58,153,"Brazil",NA,"S","secondary"
"98",-52.8,-16.65,154,"Brazil",1946,"S","secondary"
"99",-54.15,-13.7,155,"Brazil",NA,"S","secondary"
"100",-57.08,-14.4,156,"Brazil",NA,"S","secondary"
"101",-53.6,-15.75,157,"Brazil",NA,"S","secondary"
"102",-54.18,-14.03,158,"Brazil",NA,"S","secondary"
"103",-56.83,-14.03,159,"Brazil",NA,"S","secondary"
"104",-54.47,-15.85,160,"Brazil",NA,"S","alluvial"
"105",-56.8,-14.42,161,"Brazil",NA,"S","alluvial"
"106",-55.75,-15.43,162,"Brazil",NA,"S","secondary"
"107",-54.38,-15.83,163,"Brazil",1946,"S","secondary"
"108",-52.25,-15.88,164,"Brazil",1946,"S","secondary"
"109",-53.53,-16.93,165,"Brazil",1946,"S","secondary"
"110",-55.03,-16.53,166,"Brazil",NA,"S","alluvial"
"111",-56.73,-17.3,167,"Brazil",NA,"S","alluvial"
"112",-54.42,-16.25,168,"Brazil",NA,"S","alluvial"
"113",-53.57,-16.07,169,"Brazil",NA,"S","alluvial"
"114",-53.75,-16.35,170,"Brazil",NA,"S","alluvial"
"115",0,0,171,"Brazil",NA,"S","alluvial"
"116",-53.52,-16.38,172,"Brazil",NA,"S","alluvial"
"117",-54.7,-15.93,173,"Brazil",NA,"S","alluvial"
"118",0,0,174,"Brazil",NA,"S","alluvial"
"119",0,0,175,"Brazil",NA,"S","alluvial"
"120",-56.5,-14.5,176,"Brazil",NA,"S","alluvial"
"121",-53.22,-16.75,177,"Brazil",NA,"S","alluvial"
"122",-50.43,-14.33,178,"Brazil",NA,"S","alluvial"
"123",-56.83,-14.47,179,"Brazil",NA,"S","alluvial"
"124",-56.78,-14.45,180,"Brazil",NA,"S","alluvial"
"125",-56.97,-14.47,181,"Brazil",NA,"S","alluvial"
"126",-56.38,-14.52,182,"Brazil",NA,"S","alluvial"
"127",-54.22,-14.43,183,"Brazil",1964,"S","alluvial"
"128",-53.37,-13.92,184,"Brazil",NA,"S","alluvial"
"129",-56.98,-14.52,185,"Brazil",NA,"S","alluvial"
"130",-54.55,-18.73,186,"Brazil",1946,"S","secondary"
"131",-56.83,-19.73,187,"Brazil",NA,"S","alluvial"
"132",-54.55,-21.8,188,"Brazil",NA,"S","alluvial"
"133",-47.43,-18.45,189,"Brazil",1946,"S","alluvial"
"134",-54.92,-20.62,190,"Brazil",NA,"S","alluvial"
"135",-54.62,-18.03,191,"Brazil",NA,"S","alluvial"
"136",-54.78,-19.77,192,"Brazil",NA,"S","alluvial"
"137",-54.02,-21.87,193,"Brazil",NA,"S","alluvial"
"138",-54.6,-18.37,194,"Brazil",NA,"S","alluvial"
"139",-55.87,-20.5,195,"Brazil",NA,"S","alluvial"
"140",-54.53,-17.93,196,"Brazil",NA,"S","alluvial"
"141",-54.43,-17.7,197,"Brazil",NA,"S","alluvial"
"142",-54.82,-18.68,198,"Brazil",1946,"S","secondary"
"143",-54.82,-18.87,199,"Brazil",1946,"S","secondary"
"144",-54.47,-18.28,200,"Brazil",1946,"S","secondary"
"145",-54.62,-18.3,201,"Brazil",1946,"S","secondary"
"146",-53.7,-17.9,202,"Brazil",1946,"S","secondary"
"147",-42.25,-12.5,203,"Brazil",1946,"S","alluvial"
"148",-41.07,-13.62,204,"Brazil",1946,"S","secondary"
"149",-40.03,-14.2,205,"Brazil",1946,"S","secondary"
"150",-40.13,-12.45,206,"Brazil",1946,"S","secondary"
"151",-42.3,-14.63,207,"Brazil",1946,"S","secondary"
"152",-42.67,-11.3,208,"Brazil",1946,"S","secondary"
"153",-43.7,-14.17,209,"Brazil",1946,"S","secondary"
"154",-41.38,-12.57,210,"Brazil",1946,"S","secondary"
"155",-41.15,-11.55,211,"Brazil",1946,"S","alluvial"
"156",-41.1,-11.58,212,"Brazil",NA,"S","secondary"
"157",-41.35,-12.95,213,"Brazil",1946,"S","alluvial"
"158",-38.33,-8.93,214,"Brazil",NA,"S","alluvial"
"159",-42.73,-11.1,215,"Brazil",1946,"S","alluvial"
"160",-47.4,-18.27,216,"Brazil",NA,"S","secondary"
"161",-42.73,-11.08,217,"Brazil",NA,"S","secondary"
"162",-43.6,-18.25,218,"Brazil",1946,"S","alluvial"
"163",-43.6,-18.25,219,"Brazil",1946,"S","alluvial"
"164",-43.53,-18.3,220,"Brazil",1946,"S","secondary"
"165",-43.6,-18.3,221,"Brazil",1946,"S","secondary"
"166",-43.73,-18.2,222,"Brazil",1946,"S","secondary"
"167",-43.72,-18.1,223,"Brazil",NA,"S","secondary"
"168",-43.67,-18.42,224,"Brazil",1946,"S","secondary"
"169",-43.7,-18.25,225,"Brazil",1946,"S","secondary"
"170",-43.6,-18.12,226,"Brazil",1946,"S","secondary"
"171",-43.78,-18.08,227,"Brazil",1946,"S","secondary"
"172",-43.78,-18.08,228,"Brazil",1946,"S","secondary"
"173",-43.67,-17.67,229,"Brazil",1946,"S","alluvial"
"174",-43.45,-19.85,230,"Brazil",NA,"S","alluvial"
"175",-42.67,-16.67,231,"Brazil",1946,"S","alluvial"
"176",-45.57,-17.3,232,"Brazil",1946,"S","alluvial"
"177",-47.85,-19.36,233,"Brazil",1946,"S","alluvial"
"178",-47.17,-18.5,234,"Brazil",1946,"S","alluvial"
"179",-46.97,-18.4,235,"Brazil",1946,"S","alluvial"
"180",-47.2,-18.63,236,"Brazil",1946,"S","alluvial"
"181",-47.22,-18.47,237,"Brazil",NA,"S","alluvial"
"182",-47.17,-18.5,238,"Brazil",1946,"S","alluvial"
"183",-47.13,-18.62,239,"Brazil",1946,"S","alluvial"
"184",-47.7,-18.77,240,"Brazil",1946,"S","secondary"
"185",-43.78,-18.63,241,"Brazil",1946,"S","alluvial"
"186",-47.93,-18.5,242,"Brazil",1946,"S","alluvial"
"187",-46.03,-18.93,243,"Brazil",1946,"S","alluvial"
"188",-43.8,-18.4,244,"Brazil",NA,"S","secondary"
"189",-47,-21.58,245,"Brazil",1946,"S","secondary"
"190",-43.5,-18.53,246,"Brazil",1946,"S","secondary"
"191",-56.05,-14.85,247,"Brazil",1946,"S","secondary"
"192",-43.55,-17.93,248,"Brazil",NA,"S","secondary"
"193",-51.23,-16.9,249,"Brazil",1946,"S","secondary"
"194",-50.47,-18.83,250,"Brazil",NA,"S","secondary"
"195",-43.47,-18.13,251,"Brazil",NA,"S","secondary"
"196",-43.6,-18.67,252,"Brazil",NA,"S","secondary"
"197",-43.45,-17.83,253,"Brazil",NA,"S","secondary"
"198",-43.47,-18.65,254,"Brazil",NA,"S","secondary"
"199",-47.5,-19.92,255,"Brazil",NA,"S","secondary"
"200",-47.97,-19.72,256,"Brazil",NA,"S","secondary"
"201",-45.97,-19,257,"Brazil",1946,"S","secondary"
"202",-47.63,-18.88,258,"Brazil",1946,"S","secondary"
"203",-43.47,-19.93,259,"Brazil",NA,"S","secondary"
"204",-47.33,-18.08,260,"Brazil",NA,"S","secondary"
"205",-46.4,-20.43,261,"Brazil",NA,"S","secondary"
"206",-47.33,-20.4,262,"Brazil",NA,"S","secondary"
"207",-44.47,-17.25,263,"Brazil",1946,"S","alluvial"
"208",-42.73,-15.65,264,"Brazil",1946,"S","alluvial"
"209",-43.03,-15.73,265,"Brazil",1946,"S","alluvial"
"210",-43.3,-17.07,266,"Brazil",1946,"S","alluvial"
"211",-42.65,-19,267,"Brazil",1946,"S","alluvial"
"212",-43.6,-19.68,268,"Brazil",1946,"S","alluvial"
"213",-44.52,-22.06,269,"Brazil",1946,"S","alluvial"
"214",-46.85,-20.33,270,"Brazil",1946,"S","alluvial"
"215",-46.37,-20.33,271,"Brazil",1946,"S","alluvial"
"216",-46.53,-19.48,272,"Brazil",1946,"S","alluvial"
"217",-45.48,-16.66,273,"Brazil",1946,"S","alluvial"
"218",-43.87,-17.3,274,"Brazil",1946,"S","alluvial"
"219",-46.35,-18.98,275,"Brazil",NA,"S","alluvial"
"220",-47.73,-18.5,276,"Brazil",NA,"S","secondary"
"221",-47.87,-18.57,277,"Brazil",NA,"S","secondary"
"222",-48.7,-18.58,278,"Brazil",1946,"S","secondary"
"223",-47.48,-18.72,279,"Brazil",1946,"S","secondary"
"224",-49.47,-18.97,280,"Brazil",1946,"S","secondary"
"225",-46.52,-18.59,281,"Brazil",NA,"S","secondary"
"226",-47.57,-18.85,282,"Brazil",1946,"S","secondary"
"227",-47.77,-18.57,283,"Brazil",1946,"S","secondary"
"228",-48.28,-10.9,284,"Brazil",1946,"S","secondary"
"229",-48.87,-5.28,285,"Brazil",1946,"S","secondary"
"230",-48.5,-5.33,286,"Brazil",1946,"S","secondary"
"231",-48.3,-1.32,287,"Brazil",NA,"S","secondary"
"232",-47.5,-7.35,288,"Brazil",NA,"S","alluvial"
"233",-47.88,-6.88,289,"Brazil",NA,"S","alluvial"
"234",0,0,290,"Brazil",NA,"S","alluvial"
"235",-48.37,-9.65,291,"Brazil",NA,"S","alluvial"
"236",-48.63,-8.63,292,"Brazil",NA,"S","alluvial"
"237",-48.4,-10.25,293,"Brazil",NA,"S","alluvial"
"238",-47.27,-11.4,294,"Brazil",NA,"S","alluvial"
"239",0,0,295,"Brazil",NA,"S","alluvial"
"240",-47.6,-10,296,"Brazil",NA,"S","secondary"
"241",-47.22,-10.38,297,"Brazil",NA,"S","secondary"
"242",-48.35,-9.22,298,"Brazil",NA,"S","secondary"
"243",-48.35,-9.77,299,"Brazil",NA,"S","secondary"
"244",0,0,300,"Brazil",NA,"S","alluvial"
"245",-57,-14.5,301,"Brazil",NA,"S","secondary"
"246",-49,-20,302,"Brazil",1946,"S","alluvial"
"247",-47.4,-20.53,303,"Brazil",1946,"S","secondary"
"248",-47.28,-20.63,304,"Brazil",NA,"S","secondary"
"249",0,0,305,"Brazil",NA,"S","alluvial"
"250",-49.7,-23.17,306,"Brazil",NA,"S","alluvial"
"251",-52.13,-15.75,307,"Brazil",1946,"S","secondary"
"252",-51.8,-17.82,308,"Brazil",1946,"S","secondary"
"253",-51.03,-16.13,309,"Brazil",1946,"S","secondary"
"254",-51.8,-16.6,310,"Brazil",NA,"S","secondary"
"255",-50.85,-19.03,311,"Brazil",NA,"S","secondary"
"256",-52.68,-17.68,312,"Brazil",NA,"S","secondary"
"257",-54.45,-14.4,313,"Brazil",1946,"S","secondary"
"258",-52.57,-17.57,314,"Brazil",NA,"S","secondary"
"259",-48.13,-14.15,315,"Brazil",NA,"S","secondary"
"260",-49.73,-16.68,316,"Brazil",NA,"S","alluvial"
"261",-51.82,-16.95,317,"Brazil",NA,"S","alluvial"
"262",-52.02,-18.97,318,"Brazil",NA,"S","alluvial"
"263",0,0,319,"Brazil",NA,"S","alluvial"
"264",-48.33,-18.38,320,"Brazil",1946,"S","alluvial"
"265",-48.12,-17.9,321,"Brazil",NA,"S","secondary"
"266",-50.33,-16.33,322,"Brazil",NA,"S","secondary"
"267",-49.12,-5.35,323,"Brazil",1946,"S","alluvial"
"268",-49.37,-4.62,324,"Brazil",NA,"S","secondary"
"269",-49.62,-4.17,325,"Brazil",NA,"S","secondary"
"270",-49.5,-4.5,326,"Brazil",NA,"S","secondary"
"271",-55.05,-3.82,327,"Brazil",NA,"S","secondary"
"272",-55.85,-6.05,328,"Brazil",NA,"S","secondary"
"273",-54.8,-7.4,329,"Brazil",NA,"S","secondary"
"274",-55.82,-5.73,330,"Brazil",NA,"S","secondary"
"275",-45.25,-9.75,331,"Brazil",1946,"S","alluvial"
"276",-45.53,-10.08,332,"Brazil",1946,"S","alluvial"
"277",-44.8,-9.58,333,"Brazil",NA,"S","secondary"
"278",-45.4,-9.8,334,"Brazil",NA,"S","secondary"
"279",-44.07,-8.67,335,"Brazil",NA,"S","secondary"
"280",-44.87,-8.57,336,"Brazil",NA,"S","secondary"
"281",-45.62,-9.62,337,"Brazil",NA,"S","secondary"
"282",-49.97,-23.83,338,"Brazil",1946,"S","secondary"
"283",-50.42,-24.52,339,"Brazil",1946,"S","secondary"
"284",-49.7,-23.17,340,"Brazil",NA,"S","secondary"
"285",-50.67,-23.25,341,"Brazil",NA,"S","alluvial"
"286",-49.55,-23.93,342,"Brazil",NA,"S","alluvial"
"287",-51.97,-1.15,343,"Brazil",1946,"S","secondary"
"288",-51.83,0.37,344,"Brazil",1946,"S","secondary"
"289",-52,0.5,345,"Brazil",1946,"S","secondary"
"290",-59.75,4.42,346,"Brazil",1946,"S","secondary"
"291",-60.5,4.65,347,"Brazil",1946,"S","secondary"
"292",-60.67,4.67,348,"Brazil",1946,"S","secondary"
"293",-59.87,4.47,349,"Brazil",NA,"S","secondary"
"294",-60.85,4.6,350,"Brazil",1946,"S","secondary"
"295",-61.75,3.75,351,"Brazil",1946,"S","alluvial"
"296",-60.1,3.63,352,"Brazil",1946,"S","secondary"
"297",-60.5,3.03,353,"Brazil",NA,"S","alluvial"
"298",-60,4.28,354,"Brazil",NA,"S","secondary"
"299",-62.38,3.6,355,"Brazil",NA,"S","secondary"
"300",-60.17,4.55,356,"Brazil",NA,"S","secondary"
"301",-60.07,4.72,357,"Brazil",NA,"S","secondary"
"302",-60.25,4.57,358,"Brazil",NA,"S","secondary"
"303",-59.92,3.42,359,"Brazil",NA,"S","secondary"
"304",-60,4.5,360,"Brazil",NA,"S","alluvial"
"305",-63.05,0.5,361,"Brazil",NA,"S","secondary"
"306",-60.47,4.5,362,"Brazil",NA,"S","secondary"
"307",-47.48,-5.53,363,"Brazil",NA,"S","secondary"
"308",-47.33,-7.62,364,"Brazil",NA,"S","secondary"
"309",-57,-14.38,365,"Brazil",NA,"S","secondary"
"310",-60.43,-11.48,366,"Brazil",NA,"S","alluvial"
"311",-61.72,-9.28,367,"Brazil",NA,"S","alluvial"
"312",-62.36,-4.92,368,"Brazil",1946,"S","secondary"
"313",-61.2,-11.65,369,"Brazil",NA,"S","secondary"
"314",-60.38,-5.12,370,"Brazil",NA,"S","secondary"
"315",-61.22,-11.63,371,"Brazil",NA,"S","secondary"
"316",-59.97,-11.48,372,"Brazil",NA,"S","secondary"
"317",-60.82,-13,373,"Brazil",NA,"S","secondary"
"318",-44.72,-9.53,374,"Brazil",NA,"S","secondary"
"319",96.32,25.62,379,"Myanmar (Burma)",NA,"S","alluvial"
"320",96.48,22.92,380,"Myanmar (Burma)",1971,"S","diamondiferous gravel beds; also contain small quantities of rubies a"
"321",96.48,22.92,381,"Myanmar (Burma)",NA,"S","alluvial"
"322",97.4,27.36,382,"Myanmar (Burma)",NA,"S","alluvial"
"323",99.15,12.32,383,"Myanmar (Burma)",1985,"S","alluvial; mainly gem quality; byproduct of alluvial tin dredging"
"324",96.43,18.93,384,"Myanmar (Burma)",1981,"S","alluvial"
"325",99.15,13.67,385,"Myanmar (Burma)",1987,"S","alluvial"
"326",15.08,7.8,386,"Cameroon",NA,"S","secondary"
"327",21.9,7.97,410,"Central African Republic",NA,"S","alluvial"
"328",21.75,6.93,411,"Central African Republic",1960,"S","alluvial"
"329",21.9,7.97,412,"Central African Republic",NA,"S","alluvial"
"330",22.32,6.82,413,"Central African Republic",NA,"S","alluvial"
"331",22,7,414,"Central African Republic",NA,"S","alluvial"
"332",22,7,415,"Central African Republic",NA,"S","alluvial"
"333",23.25,6.52,416,"Central African Republic",NA,"S","alluvial"
"334",22.32,6.82,417,"Central African Republic",1946,"S","secondary"
"335",22.7,9.25,418,"Central African Republic",NA,"S","alluvial"
"336",15.76,4.49,419,"Central African Republic",NA,"S","alluvial"
"337",15.78,4.27,420,"Central African Republic",NA,"S","alluvial"
"338",15.78,4.27,421,"Central African Republic",NA,"S","alluvial"
"339",20.45,7.99,422,"Central African Republic",NA,"S","alluvial"
"340",21.72,6.46,423,"Central African Republic",1946,"S","alluvial"
"341",22.97,6.73,424,"Central African Republic",1946,"S","alluvial"
"342",16.74,4.53,425,"Central African Republic",NA,"S","alluvial"
"343",15.81,3.49,426,"Central African Republic",NA,"S","alluvial"
"344",16.11,3.17,427,"Central African Republic",NA,"S","alluvial"
"345",18.58,3.68,428,"Central African Republic",NA,"S","alluvial"
"346",22.17,6.52,429,"Central African Republic",1946,"S","alluvial"
"347",15.87,4.88,430,"Central African Republic",NA,"S","alluvial"
"348",16.12,3.57,431,"Central African Republic",1946,"S","alluvial"
"349",15.73,4.78,432,"Central African Republic",NA,"S","alluvial"
"350",15.78,4.27,433,"Central African Republic",NA,"S","alluvial"
"351",20.78,7.73,434,"Central African Republic",NA,"S","alluvial"
"352",0,0,435,"Central African Republic",NA,"S","alluvial"
"353",14.85,5.23,436,"Central African Republic",NA,"S","alluvial"
"354",15.7,10,437,"Chad",NA,"S","alluvial"
"355",0,0,438,"Chad",NA,"S","alluvial"
"356",21,15,439,"Chad",NA,"S","alluvial"
"357",18.5,11.5,440,"Chad",NA,"S","alluvial"
"358",15.68,7.75,441,"Chad",NA,"S","alluvial"
"359",118.47,34.73,446,"China",1946,"S","alluvial"
"360",111.5,28.5,447,"China",1955,"S","alluvial"
"361",-68.8,4,452,"Colombia",NA,"S","secondary"
"362",13.63,-2.9,453,"Congo",NA,"S","alluvial"
"363",23.58,-6.17,454,"DR Congo (Zaire)",1946,"S","alluvial; kimberlite"
"364",20.73,-6.36,456,"DR Congo (Zaire)",1946,"S","alluvial"
"365",17.3,-7.5,458,"DR Congo (Zaire)",1946,"S","alluvial"
"366",20.42,-4.28,459,"DR Congo (Zaire)",NA,"S","alluvial"
"367",23.43,-3.48,460,"DR Congo (Zaire)",NA,"S","alluvial"
"368",0,0,461,"DR Congo (Zaire)",NA,"S","alluvial"
"369",28.55,-8.63,462,"DR Congo (Zaire)",NA,"S","alluvial"
"370",20.75,-6.33,463,"DR Congo (Zaire)",1946,"S","alluvial"
"371",24.67,3.5,467,"DR Congo (Zaire)",NA,"S","alluvial (?)"
"372",22.45,4.08,468,"DR Congo (Zaire)",NA,"S","alluvial"
"373",23.58,-6.17,469,"DR Congo (Zaire)",NA,"S","alluvial"
"374",19.02,-5.38,470,"DR Congo (Zaire)",NA,"S","alluvial"
"375",17.94,-3.82,471,"DR Congo (Zaire)",NA,"S","alluvial"
"376",17.28,-4.32,472,"DR Congo (Zaire)",NA,"S","alluvial"
"377",20.75,-6.33,474,"DR Congo (Zaire)",NA,"S","alluvial"
"378",23.58,-6.17,475,"DR Congo (Zaire)",NA,"S","alluvial"
"379",21.33,-5.46,476,"DR Congo (Zaire)",1946,"S","alluvial"
"380",20.63,-6,477,"DR Congo (Zaire)",1946,"S","alluvial"
"381",21.63,-6.25,478,"DR Congo (Zaire)",1946,"S","alluvial"
"382",21.63,-5.92,479,"DR Congo (Zaire)",1946,"S","alluvial"
"383",23.33,-6.33,480,"DR Congo (Zaire)",NA,"S","alluvial"
"384",23.5,-6.42,481,"DR Congo (Zaire)",NA,"S","alluvial"
"385",21.21,-6.33,482,"DR Congo (Zaire)",1946,"S","alluvial"
"386",20.67,-6.67,483,"DR Congo (Zaire)",1946,"S","alluvial"
"387",21,-6.54,484,"DR Congo (Zaire)",1946,"S","alluvial"
"388",21.29,-6.75,485,"DR Congo (Zaire)",1946,"S","alluvial"
"389",20.92,-7.13,486,"DR Congo (Zaire)",1946,"S","alluvial"
"390",21.17,-7.25,487,"DR Congo (Zaire)",1946,"S","alluvial"
"391",26.38,-7.22,488,"DR Congo (Zaire)",NA,"S","alluvial"
"392",0,0,489,"DR Congo (Zaire)",NA,"S","alluvial"
"393",-54.03,3.68,493,"French Guiana",1983,"S","alluvial"
"394",-53.33,3.46,494,"French Guiana",2000,"S","probable secondary"
"395",0,0,495,"French Guiana",2000,"S","probable secondary"
"396",-52.12,4.46,496,"French Guiana",NA,"S","alluvial"
"397",11.48,-1.92,498,"Gabon",1946,"S","alluvial; high quality"
"398",0,0,499,"Gabon",1946,"S","alluvial"
"399",10.75,-1.4,500,"Gabon",1946,"S","alluvial"
"400",12.15,-0.15,501,"Gabon",1946,"S","alluvial"
"401",10.75,-0.18,502,"Gabon",1946,"S","alluvial"
"402",11.58,-1.48,503,"Gabon",1946,"S","alluvial"
"403",-0.98,5.92,504,"Ghana",NA,"S","secondary"
"404",-0.8,6.17,505,"Ghana",1946,"S","alluvial"
"405",-0.83,6.08,506,"Ghana",1946,"S","alluvial"
"406",-0.83,6,507,"Ghana",1946,"S","alluvial"
"407",-1.7,4.95,508,"Ghana",NA,"S","alluvial"
"408",-0.8,6.05,509,"Ghana",NA,"S","secondary"
"409",-1.13,6.17,510,"Ghana",NA,"S","alluvial"
"410",-2.08,5.2,511,"Ghana",NA,"S","alluvial"
"411",-0.83,6,512,"Ghana",1946,"S","alluvial"
"412",-0.83,5.95,513,"Ghana",1946,"S","alluvial"
"413",-0.83,6,514,"Ghana",1946,"S","alluvial"
"414",-0.83,6,515,"Ghana",1946,"S","alluvial"
"415",-0.83,6,516,"Ghana",1946,"S","alluvial"
"416",-0.82,6,517,"Ghana",1946,"S","alluvial"
"417",-2.08,5.2,518,"Ghana",1946,"S","alluvial"
"418",-0.87,7,519,"Ghana",NA,"S","alluvial"
"419",-1.78,6.45,520,"Ghana",NA,"S","alluvial"
"420",-0.82,5.95,521,"Ghana",1946,"S","alluvial"
"421",-0.83,6.05,522,"Ghana",NA,"S","alluvial"
"422",-0.92,5.97,523,"Ghana",NA,"S","alluvial"
"423",-9.42,7.45,525,"Guinea",1946,"S","alluvial; kimberlite"
"424",0,0,527,"Guinea",NA,"S","alluvial"
"425",-9.3,9.57,528,"Guinea",NA,"S","alluvial"
"426",-8.82,7.75,529,"Guinea",1946,"S","alluvial"
"427",-9.33,9,530,"Guinea",1946,"S","kimberlite; alluvial"
"428",-8.63,8.68,532,"Guinea",NA,"S","alluvial; kimberlite"
"429",-9.07,8.5,534,"Guinea",NA,"S","alluvial"
"430",-9.04,8.56,535,"Guinea",1950,"S","alluvial"
"431",-9.04,8.56,536,"Guinea",1950,"S","alluvial; kimberlite"
"432",-9.39,9.29,537,"Guinea",1946,"S","alluvial; kimberlite"
"433",-12.8,10.08,539,"Guinea",1996,"S","alluvial"
"434",-9.08,8.52,540,"Guinea",1965,"S","kimberlite dyke; alluvial"
"435",-9.18,8.92,542,"Guinea",1946,"S","alluvial; kimberlite"
"436",-9.53,8.99,543,"Guinea",1946,"S","alluvial"
"437",-9.04,8.56,544,"Guinea",1965,"S","kimberlite dyke; alluvial"
"438",-9.04,8.56,546,"Guinea",NA,"S","kimberlite; alluvial"
"439",-9.04,8.56,548,"Guinea",NA,"S","alluvial"
"440",-9.04,8.56,549,"Guinea",NA,"S","alluvial"
"441",-9.04,8.56,550,"Guinea",NA,"S","alluvial"
"442",-9.46,8.84,552,"Guinea",NA,"S","alluvial"
"443",-9.46,8.84,553,"Guinea",NA,"S","alluvial"
"444",-9.38,9.1,554,"Guinea",NA,"S","alluvial"
"445",-9.13,8.97,555,"Guinea",NA,"S","alluvial"
"446",-9.22,9.07,556,"Guinea",NA,"S","alluvial"
"447",-9.32,9.2,557,"Guinea",NA,"S","alluvial"
"448",0,0,558,"Guinea",NA,"S","alluvial"
"449",-8.62,8,559,"Guinea",1946,"S","alluvial; kimberlite"
"450",0,0,560,"Guinea",NA,"S","alluvial"
"451",0,0,561,"Guinea",NA,"S","alluvial"
"452",-10.13,8.56,562,"Guinea",1946,"S","alluvial"
"453",0,0,563,"Guinea",NA,"S","alluvial"
"454",0,0,564,"Guinea",NA,"S","alluvial"
"455",-9.3,10.38,565,"Guinea",NA,"S","alluvial"
"456",-9.47,8.55,566,"Guinea",1946,"S","alluvial"
"457",-9.15,9.55,567,"Guinea",NA,"S","alluvial"
"458",-9.33,9,568,"Guinea",NA,"S","alluvial"
"459",-9.02,9.27,569,"Guinea",1946,"S","alluvial"
"460",-8.33,9.33,570,"Guinea",1946,"S","alluvial"
"461",-9.02,9.27,571,"Guinea",NA,"S","alluvial"
"462",-8.62,8,572,"Guinea",NA,"S","alluvial"
"463",-9.07,8.69,574,"Guinea",NA,"S","alluvial"
"464",-9.33,9,575,"Guinea",NA,"S","alluvial"
"465",-9.33,9,576,"Guinea",NA,"S","alluvial"
"466",-9.47,8.55,578,"Guinea",NA,"S","alluvial"
"467",-60.12,6.13,579,"Guyana",NA,"S","alluvial"
"468",-60.11,6.11,580,"Guyana",NA,"S","alluvial"
"469",-60.13,6.08,581,"Guyana",NA,"S","alluvial"
"470",-58.92,6.15,582,"Guyana",NA,"S","alluvial"
"471",-59.3,5.33,583,"Guyana",NA,"S","alluvial"
"472",-59,5.35,584,"Guyana",1946,"S","alluvial"
"473",-59.75,5.92,585,"Guyana",1946,"S","alluvial"
"474",-59.57,6.67,586,"Guyana",1946,"S","alluvial"
"475",-60.15,6.26,587,"Guyana",NA,"S","alluvial"
"476",-59.98,6.08,588,"Guyana",NA,"S","alluvial"
"477",-59.57,6.64,589,"Guyana",1946,"S","alluvial"
"478",-60.37,6.36,590,"Guyana",NA,"S","alluvial"
"479",0,0,591,"Guyana",NA,"S","alluvial"
"480",-59.9,6.86,592,"Guyana",NA,"S","alluvial"
"481",-59.95,5.8,593,"Guyana",NA,"S","alluvial"
"482",-60.26,6.19,594,"Guyana",NA,"S","alluvial"
"483",-60.3,6.32,595,"Guyana",NA,"S","alluvial"
"484",-60.32,6.19,596,"Guyana",NA,"S","alluvial"
"485",-59.92,5.85,597,"Guyana",NA,"S","alluvial"
"486",-59.83,4.47,598,"Guyana",NA,"S","alluvial"
"487",-60.17,6.22,599,"Guyana",NA,"S","alluvial"
"488",-60.24,6.19,600,"Guyana",NA,"S","alluvial"
"489",-60.19,6.21,601,"Guyana",NA,"S","alluvial"
"490",-60.24,6.25,602,"Guyana",NA,"S","alluvial"
"491",-58.24,4.78,603,"Guyana",NA,"S","alluvial"
"492",-58.25,4.92,604,"Guyana",NA,"S","alluvial"
"493",-59.87,6.32,605,"Guyana",1946,"S","alluvial"
"494",-60.36,6.15,606,"Guyana",NA,"S","alluvial"
"495",-60.16,6.22,607,"Guyana",NA,"S","alluvial"
"496",-60.24,6.21,608,"Guyana",NA,"S","alluvial"
"497",-60.16,6.22,609,"Guyana",NA,"S","alluvial"
"498",-60.04,6.23,610,"Guyana",NA,"S","alluvial"
"499",-59.91,6.09,611,"Guyana",NA,"S","alluvial"
"500",-60.1,6.25,612,"Guyana",NA,"S","alluvial"
"501",-60.23,6.22,613,"Guyana",NA,"S","alluvial"
"502",-58.22,4.93,614,"Guyana",NA,"S","alluvial"
"503",-60.2,6.22,615,"Guyana",NA,"S","alluvial"
"504",-60.12,6.24,616,"Guyana",NA,"S","alluvial"
"505",-59.57,6.65,617,"Guyana",NA,"S","alluvial"
"506",-60.19,6.18,618,"Guyana",NA,"S","alluvial"
"507",-60.39,6.4,619,"Guyana",1946,"S","alluvial"
"508",-59.72,5.85,620,"Guyana",NA,"S","alluvial"
"509",-60.38,6.45,621,"Guyana",NA,"S","alluvial"
"510",-60.53,6.86,622,"Guyana",NA,"S","alluvial"
"511",-60.3,6.49,623,"Guyana",1946,"S","alluvial"
"512",-60.33,6.93,624,"Guyana",NA,"S","alluvial"
"513",-60.22,6.48,625,"Guyana",1946,"S","alluvial"
"514",-60.37,6.38,626,"Guyana",1946,"S","alluvial"
"515",-60.33,6.16,627,"Guyana",NA,"S","alluvial"
"516",-60.23,6.2,628,"Guyana",NA,"S","alluvial"
"517",-60.27,6.17,629,"Guyana",NA,"S","alluvial"
"518",-60.28,6.18,630,"Guyana",NA,"S","alluvial"
"519",-60.21,6.29,631,"Guyana",1946,"S","alluvial"
"520",-59.07,5.71,632,"Guyana",NA,"S","alluvial"
"521",-59.3,5.28,633,"Guyana",1946,"S","alluvial"
"522",-59.76,4.92,634,"Guyana",NA,"S","alluvial"
"523",-59.32,5.32,635,"Guyana",1946,"S","alluvial"
"524",-59.45,6.98,636,"Guyana",NA,"S","alluvial"
"525",-60.41,6.79,637,"Guyana",NA,"S","alluvial"
"526",-59.18,5.38,638,"Guyana",1946,"S","alluvial"
"527",-60.25,6.18,639,"Guyana",NA,"S","alluvial"
"528",-58.04,4.72,640,"Guyana",1948,"S","alluvial"
"529",-59.43,5.5,641,"Guyana",NA,"S","alluvial"
"530",-60.33,6.48,642,"Guyana",1946,"S","alluvial"
"531",-60.25,6.47,643,"Guyana",1946,"S","alluvial"
"532",-60.37,6.85,644,"Guyana",NA,"S","alluvial"
"533",-59.48,5.19,645,"Guyana",1946,"S","alluvial"
"534",-59.55,6.63,646,"Guyana",NA,"S","alluvial"
"535",-60.21,6.22,647,"Guyana",NA,"S","alluvial"
"536",-59.26,5.09,648,"Guyana",1946,"S","alluvial"
"537",-59.21,5.33,649,"Guyana",NA,"S","alluvial"
"538",-60.41,7.37,650,"Guyana",NA,"S","alluvial"
"539",-59.33,5.32,651,"Guyana",NA,"S","alluvial"
"540",-58.24,4.86,652,"Guyana",NA,"S","alluvial"
"541",-59.25,5.3,653,"Guyana",NA,"S","alluvial"
"542",-58.24,4.82,654,"Guyana",NA,"S","alluvial"
"543",-59.39,5.29,655,"Guyana",NA,"S","alluvial"
"544",-58.26,4.9,656,"Guyana",NA,"S","alluvial"
"545",-58.24,4.75,657,"Guyana",NA,"S","alluvial"
"546",-58.26,4.85,658,"Guyana",NA,"S","alluvial"
"547",-59.81,7.35,659,"Guyana",NA,"S","alluvial"
"548",-59.68,5.63,660,"Guyana",NA,"S","alluvial"
"549",-60.22,6.21,661,"Guyana",NA,"S","alluvial"
"550",-59.75,5.69,662,"Guyana",NA,"S","alluvial"
"551",-60.29,6.17,663,"Guyana",NA,"S","alluvial"
"552",-60.42,6.36,664,"Guyana",NA,"S","alluvial"
"553",-60.31,6.18,665,"Guyana",NA,"S","alluvial"
"554",-60.2,6.26,666,"Guyana",NA,"S","alluvial"
"555",-60.36,6.32,667,"Guyana",NA,"S","alluvial"
"556",-59.29,5.35,668,"Guyana",NA,"S","alluvial"
"557",-59.3,5.31,669,"Guyana",NA,"S","alluvial"
"558",-60.27,6.21,670,"Guyana",NA,"S","alluvial"
"559",-59.48,7.12,671,"Guyana",1946,"S","alluvial"
"560",80.03,24.65,673,"India",1946,"S","alluvial fields"
"561",80,16.67,674,"India",1946,"S","alluvial"
"562",82.2,20.2,676,"India",1946,"S","alluvial"
"563",84.25,20.67,677,"India",1946,"S","alluvial; large size and good quality"
"564",85.08,24.17,678,"India",1946,"S","alluvial"
"565",0,0,679,"India",1946,"S","alluvial"
"566",77.38,15.03,681,"India",1946,"S","kimberlite with alluvial"
"567",80.1,20.42,682,"India",1946,"S","alluvial (potential for primary source)"
"568",78.05,15.83,683,"India",1946,"S","alluvial"
"569",78.82,14.47,684,"India",1946,"S","alluvial"
"570",76.93,15.15,685,"India",1946,"S","alluvial"
"571",114.75,-3.5,686,"Indonesia",1946,"S","alluvial in gravel sands"
"572",114.85,-3.42,687,"Indonesia",1946,"S","alluvial"
"573",114.75,-3.8,688,"Indonesia",1946,"S","alluvial"
"574",109.93,0.32,689,"Indonesia",1946,"S","alluvial"
"575",114.23,-0.9,690,"Indonesia",1946,"S","alluvial"
"576",114.55,-3.28,691,"Indonesia",1946,"S","alluvial"
"577",0,0,692,"Indonesia",NA,"S","alluvial"
"578",117.15,-0.5,693,"Indonesia",1946,"S","alluvial"
"579",117.28,-0.58,694,"Indonesia",1946,"S","alluvial"
"580",112.9,-2.73,695,"Indonesia",1946,"S","alluvial"
"581",114.58,-3.33,696,"Indonesia",1960,"S","alluvial"
"582",110.63,0.12,697,"Indonesia",NA,"S","alluvial"
"583",0,0,698,"Indonesia",NA,"S","alluvial"
"584",114.9,-3.4,699,"Indonesia",NA,"S","alluvial"
"585",112.55,-3.4,700,"Indonesia",NA,"S","alluvial"
"586",111.42,-2.9,701,"Indonesia",NA,"S","alluvial"
"587",-6.58,8.17,703,"Ivory Coast",NA,"S","alluvial"
"588",-6.58,8.17,705,"Ivory Coast",NA,"S","alluvial"
"589",-6.58,8.17,706,"Ivory Coast",1948,"S","alluvial"
"590",-7.17,8.43,707,"Ivory Coast",1946,"S","alluvial"
"591",-5.06,6.57,708,"Ivory Coast",1946,"S","alluvial"
"592",-3.73,5.2,709,"Ivory Coast",1946,"S","alluvial"
"593",-5.33,8.72,711,"Ivory Coast",1946,"S","alluvial; primary"
"594",0,0,713,"Ivory Coast",NA,"S","alluvial"
"595",0,0,714,"Ivory Coast",NA,"S","alluvial"
"596",-6.25,7.88,715,"Ivory Coast",NA,"S","alluvial"
"597",-6.62,8.13,716,"Ivory Coast",NA,"S","alluvial"
"598",0,0,717,"Ivory Coast",NA,"S","alluvial"
"599",-5.1,6.78,718,"Ivory Coast",NA,"S","alluvial"
"600",28.47,-29.33,728,"Lesotho",NA,"S","alluvial"
"601",-10.5,7.4,730,"Liberia",1946,"S","alluvial with possible primary"
"602",-10.51,7.31,731,"Liberia",NA,"S","alluvial gravels"
"603",-10.47,7.33,732,"Liberia",NA,"S","alluvial gravels"
"604",-10.5,7.32,733,"Liberia",NA,"S","alluvial gravels"
"605",-10.89,7.16,735,"Liberia",NA,"S","alluvial; possible primary"
"606",-10.33,6.67,736,"Liberia",NA,"S","alluvial"
"607",-8.86,6.49,737,"Liberia",NA,"S","alluvial"
"608",-10.33,7.63,738,"Liberia",NA,"S","alluvial"
"609",-9.52,7.28,739,"Liberia",NA,"S","alluvial"
"610",-8.69,7.48,740,"Liberia",NA,"S","alluvial"
"611",-8.72,7.03,741,"Liberia",NA,"S","alluvial"
"612",-8.69,7.48,742,"Liberia",NA,"S","alluvial"
"613",-11,7.42,743,"Liberia",1946,"S","alluvial"
"614",-10.78,7.6,744,"Liberia",NA,"S","alluvial"
"615",-11,7.42,745,"Liberia",NA,"S","alluvial"
"616",-11,7.42,746,"Liberia",NA,"S","alluvial"
"617",-10.87,7.08,747,"Liberia",NA,"S","alluvial"
"618",-10.82,7.43,748,"Liberia",NA,"S","alluvial"
"619",-10.58,7.27,749,"Liberia",NA,"S","alluvial"
"620",-10.83,7.09,750,"Liberia",NA,"S","alluvial"
"621",-10.29,6.27,751,"Liberia",1946,"S","alluvial"
"622",-11.15,7.09,752,"Liberia",NA,"S","alluvial"
"623",-10.41,6.93,753,"Liberia",NA,"S","alluvial"
"624",-9.48,7.52,754,"Liberia",NA,"S","alluvial"
"625",-10.79,6.99,755,"Liberia",NA,"S","alluvial"
"626",-10.79,6.99,756,"Liberia",NA,"S","alluvial"
"627",-8.73,7.13,757,"Liberia",NA,"S","alluvial"
"628",-8.89,7.1,758,"Liberia",NA,"S","alluvial"
"629",-10.84,7.1,759,"Liberia",NA,"S","alluvial"
"630",-8.74,7.11,760,"Liberia",NA,"S","alluvial"
"631",-8.74,7.07,761,"Liberia",NA,"S","alluvial"
"632",110.27,1.45,762,"Malaysia",1946,"S","alluvial"
"633",-11.23,12.88,763,"Mali",1955,"S","alluvial"
"634",-11.1,12.97,764,"Mali",NA,"S","alluvial with primary pipes"
"635",33.51,-25.21,770,"Mozambique",NA,"S","secondary"
"636",0,0,771,"Mozambique",NA,"S","secondary"
"637",33,-23.5,774,"Mozambique",NA,"S","alluvial"
"638",15.02,-26.68,776,"Namibia",1946,"M","beach deposits"
"639",15.16,-26.65,778,"Namibia",NA,"M","beach deposits"
"640",16.7,-28.33,781,"Namibia",1957,"S","secondary"
"641",16.43,-28.55,782,"Namibia",1957,"S","secondary"
"642",14.28,-22.12,783,"Namibia",1956,"M","beach deposits"
"643",12.67,-19.33,785,"Namibia",1956,"M","beach deposits"
"644",12.02,-18.45,787,"Namibia",1956,"M","beach deposits"
"645",15.57,-27.8,789,"Namibia",NA,"S","beach sands"
"646",14.9,-26.18,790,"Namibia",NA,"M","beach deposits"
"647",15.4,-27.45,793,"Namibia",1946,"S","secondary; possible offshore"
"648",15.28,-27.2,794,"Namibia",1946,"S","placer; possible offshore"
"649",15.02,-26.68,795,"Namibia",NA,"S","secondary"
"650",16.43,-28.55,796,"Namibia",NA,"S","alluvial"
"651",15,-27.17,800,"Namibia",NA,"M","beach deposits"
"652",5.63,11.19,805,"Nigeria",1946,"S","alluvial"
"653",6.94,11.3,806,"Nigeria",1946,"S","alluvial"
"654",6.37,12.17,807,"Nigeria",1946,"S","alluvial"
"655",-57.62,-23.11,810,"Paraguay",NA,"S","secondary"
"656",114.35,62.45,825,"Russia (Soviet Union)",NA,"S","alluvial"
"657",0,0,827,"Russia (Soviet Union)",NA,"S","alluvial"
"658",0,0,828,"Russia (Soviet Union)",NA,"S","alluvial"
"659",126.41,64.37,829,"Russia (Soviet Union)",1953,"S","alluvial"
"660",57.69,60.31,833,"Russia (Soviet Union)",1946,"S","alluvial"
"661",57.78,58.6,834,"Russia (Soviet Union)",NA,"S","alluvial"
"662",58.08,58.39,835,"Russia (Soviet Union)",NA,"S","alluvial"
"663",122.38,69.58,836,"Russia (Soviet Union)",NA,"S","alluvial"
"664",114.55,70.95,837,"Russia (Soviet Union)",NA,"S","alluvial"
"665",118.89,63.47,842,"Russia (Soviet Union)",NA,"S","secondary"
"666",113.6,73.13,844,"Russia (Soviet Union)",NA,"S","secondary"
"667",-10.78,8.45,845,"Sierra Leone",1946,"S","kimberlite; alluvial"
"668",-10.98,8.63,847,"Sierra Leone",1946,"S","alluvial"
"669",-10.98,8.65,848,"Sierra Leone",1946,"S","alluvial"
"670",-11.25,8.7,849,"Sierra Leone",1946,"S","alluvial"
"671",-10.78,8.67,850,"Sierra Leone",1946,"S","alluvial; possible kimberlite"
"672",-11.08,8.67,851,"Sierra Leone",NA,"S","alluvial; kimberlite target"
"673",-11.07,8.2,852,"Sierra Leone",1946,"S","alluvial; kimberlite"
"674",-11.07,8.2,854,"Sierra Leone",1946,"S","alluvial"
"675",-11.31,7.32,858,"Sierra Leone",NA,"S","alluvial; kimberlite target"
"676",-11.9,7.72,860,"Sierra Leone",NA,"S","secondary"
"677",-11.68,7.75,861,"Sierra Leone",1946,"S","alluvial"
"678",-10.78,8.25,864,"Sierra Leone",NA,"S","alluvial; kimberlite target"
"679",-11.03,8.77,865,"Sierra Leone",1946,"S","alluvial"
"680",-11,8.65,866,"Sierra Leone",1946,"S","secondary"
"681",-10.78,8.45,867,"Sierra Leone",1946,"S","alluvial"
"682",-12.23,9.5,868,"Sierra Leone",NA,"S","unknown; possibly alluvial"
"683",-11.76,7.95,869,"Sierra Leone",NA,"S","alluvial"
"684",-11.42,8.1,870,"Sierra Leone",NA,"S","alluvial"
"685",17.05,-29.65,874,"South Africa",1946,"S","secondary; raised beach deposit"
"686",17,-28.67,875,"South Africa",1946,"S","secondary; raised beach deposit"
"687",17.33,-28.58,876,"South Africa",1946,"S","alluvial"
"688",17.05,-29.58,877,"South Africa",1946,"S","secondary; kimberlite"
"689",17.43,-29.62,879,"South Africa",NA,"S","secondary; kimberlite"
"690",16.5,-29.33,887,"South Africa",1946,"S","alluvial; also some land alluvials (S)"
"691",17,-29,888,"South Africa",NA,"S","alluvial"
"692",17,-29,889,"South Africa",NA,"S","alluvial"
"693",17,-29,890,"South Africa",NA,"S","alluvial"
"694",17.08,-28.3,891,"South Africa",NA,"S","alluvial"
"695",17,-29,892,"South Africa",NA,"S","alluvial"
"696",17,-29,893,"South Africa",NA,"S","alluvial"
"697",26.62,-26.18,903,"South Africa",1946,"S","alluvial"
"698",26.62,-26.18,904,"South Africa",1946,"S","alluvial"
"699",17.57,-30.82,905,"South Africa",NA,"S","alluvial"
"700",18.73,-31.62,906,"South Africa",1946,"S","alluvial"
"701",17.32,-29.58,910,"South Africa",NA,"S","alluvial"
"702",24.52,-28.5,917,"South Africa",1946,"S","alluvial"
"703",24.77,-28.73,918,"South Africa",NA,"S","alluvial"
"704",26.62,-26.18,920,"South Africa",1946,"S","alluvial"
"705",26.17,-26.15,921,"South Africa",1946,"S","alluvial"
"706",24,-29,922,"South Africa",NA,"S","alluvial"
"707",27.75,-24.78,923,"South Africa",NA,"S","alluvial"
"708",27.75,-24.78,924,"South Africa",NA,"S","alluvial"
"709",25.33,-27.18,925,"South Africa",NA,"S","alluvial"
"710",25.47,-28.52,926,"South Africa",NA,"S","alluvial"
"711",24.32,-28.33,937,"South Africa",1989,"S","alluvial"
"712",26.62,-26.18,939,"South Africa",1946,"S","alluvial"
"713",26.92,-26.18,940,"South Africa",1946,"S","alluvial"
"714",25.97,-28.08,942,"South Africa",NA,"S","alluvial"
"715",24.55,-28.53,948,"South Africa",NA,"S","alluvial"
"716",24.42,-29,949,"South Africa",NA,"S","secondary"
"717",23.3,-29.3,951,"South Africa",NA,"S","alluvial"
"718",24.55,-28.53,957,"South Africa",NA,"S","kimberlite; alluvial"
"719",0,0,980,"South Africa",NA,"S","alluvial"
"720",0,0,981,"South Africa",NA,"S","alluvial"
"721",0,0,982,"South Africa",NA,"S","alluvial"
"722",0,0,983,"South Africa",NA,"S","alluvial"
"723",0,0,984,"South Africa",NA,"S","alluvial"
"724",0,0,985,"South Africa",NA,"S","alluvial"
"725",-55.2,5.08,986,"Suriname",1948,"S","alluvial and elluvial"
"726",-55.95,1.95,987,"Suriname",NA,"S","secondary"
"727",-56.03,1.92,988,"Suriname",NA,"S","secondary"
"728",-55.17,5.17,989,"Suriname",NA,"S","alluvial and elluvial"
"729",-55.17,5.92,990,"Suriname",NA,"S","alluvial"
"730",-55.88,5.85,991,"Suriname",NA,"S","alluvial with kimberlite prospect"
"731",-55.07,5.15,992,"Suriname",1946,"S","alluvial"
"732",-55.37,5.22,994,"Suriname",NA,"S","alluvial"
"733",32.67,-3.75,1001,"Tanzania",1963,"S","kimberlite and colluvial gravel"
"734",33.25,-3.08,1003,"Tanzania",1946,"S","kimberlite pipe with alluvial"
"735",33,-7.75,1006,"Tanzania",1970,"S","alluvial"
"736",33.42,-3.8,1007,"Tanzania",1946,"S","alluvial"
"737",33.42,-4.07,1008,"Tanzania",1946,"S","alluvial"
"738",34.17,-3.37,1009,"Tanzania",1946,"S","alluvial"
"739",0,0,1013,"Thailand",1946,"S","alluvial, rivers"
"740",0,0,1014,"Thailand",1946,"S","alluvial"
"741",37.17,47.5,1015,"Ukraine",NA,"S","alluvial; possible primary"
"742",-81.7,35.68,1022,"United States of America",1946,"S","secondary"
"743",-121.99,39.46,1025,"United States of America",1946,"S","secondary"
"744",-145.03,65.57,1026,"United States of America",1980,"S","secondary"
"745",-65.92,6.9,1028,"Venezuela",1968,"S","alluvial; primary"
"746",-61.41,4.52,1030,"Venezuela",1946,"S","alluvial"
"747",-65.85,6.36,1031,"Venezuela",NA,"S","alluvial"
"748",-63.85,6.28,1032,"Venezuela",1954,"S","alluvial"
"749",-61.11,4.7,1033,"Venezuela",NA,"S","alluvial/ellvuial"
"750",-61.43,4.57,1034,"Venezuela",NA,"S","alluvial"
"751",-61.42,5.93,1035,"Venezuela",NA,"S","alluvial"
"752",-61.12,4.7,1036,"Venezuela",1946,"S","secondary"
"753",-62.98,6.49,1037,"Venezuela",1946,"S","alluvial"
"754",-62.97,6.39,1038,"Venezuela",1946,"S","secondary"
"755",-65.88,6.38,1039,"Venezuela",NA,"S","secondary"
"756",-65.89,6.46,1040,"Venezuela",NA,"S","secondary"
"757",-65.85,6.4,1041,"Venezuela",NA,"S","secondary"
"758",-65.81,6.29,1042,"Venezuela",NA,"S","secondary"
"759",-62.95,5.2,1043,"Venezuela",NA,"S","secondary"
"760",-61.28,5.57,1044,"Venezuela",NA,"S","secondary"
"761",-61.59,4.83,1045,"Venezuela",NA,"S","secondary"
"762",-64.85,5.18,1046,"Venezuela",NA,"S","secondary"
"763",-65,5.12,1047,"Venezuela",NA,"S","secondary"
"764",-65.18,5.07,1048,"Venezuela",NA,"S","secondary"
"765",-62.88,5.85,1049,"Venezuela",NA,"S","secondary"
"766",-62.6,5.07,1050,"Venezuela",NA,"S","secondary"
"767",-61.52,4.58,1051,"Venezuela",NA,"S","secondary"
"768",-66.63,2.7,1052,"Venezuela",NA,"S","secondary"
"769",-65.9,6.36,1053,"Venezuela",NA,"S","secondary"
"770",-62.19,4.33,1054,"Venezuela",NA,"S","secondary"
"771",-65.87,6.43,1055,"Venezuela",NA,"S","secondary"
"772",-65.85,6.39,1056,"Venezuela",NA,"S","secondary"
"773",-62.66,8.38,1057,"Venezuela",NA,"S","secondary"
"774",-61.48,4.7,1058,"Venezuela",1946,"S","secondary"
"775",-65.85,6.38,1059,"Venezuela",NA,"S","secondary"
"776",-65.84,6.37,1060,"Venezuela",NA,"S","secondary"
"777",-65.82,6.41,1061,"Venezuela",NA,"S","secondary"
"778",-65.85,6.38,1062,"Venezuela",NA,"S","secondary"
"779",-66.7,2.1,1063,"Venezuela",NA,"S","secondary"
"780",-61.43,4.58,1064,"Venezuela",1946,"S","secondary"
"781",-65.84,6.35,1065,"Venezuela",NA,"S","kimberlite; secondary"
"782",-62.89,6.5,1066,"Venezuela",NA,"S","secondary"
"783",-61.59,4.83,1067,"Venezuela",NA,"S","secondary"
"784",-63.03,5.35,1068,"Venezuela",1946,"S","secondary"
"785",-62.92,6.28,1069,"Venezuela",NA,"S","secondary"
"786",-63.22,7.05,1070,"Venezuela",NA,"S","secondary"
"787",-62.97,8.09,1071,"Venezuela",1961,"S","secondary"
"788",-65.83,6.35,1072,"Venezuela",NA,"S","secondary"
"789",-61.74,4.31,1073,"Venezuela",1946,"S","alluvial"
"790",-62.19,4.41,1074,"Venezuela",NA,"S","secondary"
"791",-62.86,4.25,1075,"Venezuela",NA,"S","secondary"
"792",-62.13,4.32,1076,"Venezuela",NA,"S","secondary"
"793",-62.26,4.54,1077,"Venezuela",NA,"S","secondary"
"794",-63.06,7.86,1078,"Venezuela",1961,"S","secondary"
"795",-61.25,4.72,1079,"Venezuela",NA,"S","secondary"
"796",-65.83,6.33,1080,"Venezuela",NA,"S","secondary"
"797",-61.45,4.59,1081,"Venezuela",NA,"S","secondary"
"798",-62.77,4.08,1082,"Venezuela",NA,"S","secondary"
"799",-61.33,4.73,1083,"Venezuela",NA,"S","secondary"
"800",-61.28,4.77,1084,"Venezuela",NA,"S","secondary"
"801",-61.57,4.53,1085,"Venezuela",1950,"S","secondary"
"802",-61.91,4.46,1086,"Venezuela",1946,"S","secondary"
"803",-62.06,4.22,1087,"Venezuela",NA,"S","secondary"
"804",-63.61,6.45,1088,"Venezuela",1954,"S","secondary"
"805",-63.58,6.35,1089,"Venezuela",NA,"S","secondary"
"806",-63.7,6.37,1090,"Venezuela",NA,"S","secondary"
"807",-63.3,6.37,1091,"Venezuela",NA,"S","secondary"
"808",-60.45,7,1092,"Venezuela",1946,"S","secondary"
"809",-60.61,6.89,1093,"Venezuela",NA,"S","secondary"
"810",-63.52,7.48,1094,"Venezuela",NA,"S","secondary"
"811",-63.25,6.3,1095,"Venezuela",1954,"S","secondary"
"812",-66.45,6.27,1096,"Venezuela",NA,"S","secondary"
"813",-63.36,7.35,1097,"Venezuela",NA,"S","secondary"
"814",-65.89,6.44,1098,"Venezuela",1968,"S","alluvial"
"815",-63.93,4.68,1099,"Venezuela",NA,"S","secondary"
"816",-62.78,8.25,1100,"Venezuela",1961,"S","secondary"
"817",-62.91,6.02,1101,"Venezuela",NA,"S","secondary"
"818",-66.42,2.07,1102,"Venezuela",NA,"S","secondary"
"819",-62.55,5.15,1103,"Venezuela",NA,"S","secondary"
"820",-62.77,5.34,1104,"Venezuela",1946,"S","secondary"
"821",-62.35,5.91,1105,"Venezuela",NA,"S","secondary"
"822",-63.23,6.23,1106,"Venezuela",NA,"S","secondary"
"823",-62.96,8.09,1107,"Venezuela",NA,"S","secondary"
"824",-63.48,6.71,1108,"Venezuela",1946,"S","alluvial"
"825",-63.96,6.49,1109,"Venezuela",NA,"S","secondary"
"826",-62.7,7.31,1110,"Venezuela",1946,"S","alluvial"
"827",-63.99,6.83,1111,"Venezuela",NA,"S","secondary"
"828",-62.86,8.12,1112,"Venezuela",NA,"S","secondary"
"829",-60.83,4.86,1113,"Venezuela",1946,"S","alluvial"
"830",-61.57,5.14,1114,"Venezuela",1946,"S","alluvial"
"831",-61.92,5,1115,"Venezuela",1946,"S","alluvial"
"832",-66.14,7.57,1116,"Venezuela",NA,"S","secondary"
"833",-61.08,4.7,1117,"Venezuela",1946,"S","secondary"
"834",-62.28,5.15,1118,"Venezuela",NA,"S","secondary"
"835",-61.88,4.93,1119,"Venezuela",NA,"S","secondary"
"836",-60.8,4.97,1120,"Venezuela",NA,"S","secondary"
"837",-61.08,5.18,1121,"Venezuela",NA,"S","secondary"
"838",-61.35,6.09,1122,"Venezuela",NA,"S","secondary"
"839",-62.89,5.49,1123,"Venezuela",NA,"S","secondary"
"840",-63.32,6.83,1124,"Venezuela",NA,"S","secondary"
"841",-63.92,7.21,1125,"Venezuela",NA,"S","secondary"
"842",-64.23,5.35,1126,"Venezuela",NA,"S","secondary"
"843",-63.01,5.3,1127,"Venezuela",NA,"S","secondary"
"844",-62.44,5.61,1128,"Venezuela",NA,"S","secondary"
"845",-63.27,5.44,1129,"Venezuela",NA,"S","secondary"
"846",-62.9,5.34,1130,"Venezuela",1946,"S","secondary"
"847",-63.04,5.82,1131,"Venezuela",1954,"S","secondary"
"848",-63.62,5.12,1132,"Venezuela",NA,"S","secondary"
"849",-62.89,5.61,1133,"Venezuela",1968,"S","secondary"
"850",-61.62,6.94,1134,"Venezuela",NA,"S","secondary"
"851",-63.05,8.05,1135,"Venezuela",1961,"S","secondary"
"852",-65.33,7.51,1136,"Venezuela",NA,"S","secondary"
"853",-65.07,1.37,1137,"Venezuela",NA,"S","secondary"
"854",-66.18,1.07,1138,"Venezuela",NA,"S","secondary"
"855",-66.68,3.07,1139,"Venezuela",NA,"S","secondary"
"856",-65.67,2.43,1140,"Venezuela",NA,"S","secondary"
"857",-61.17,5.24,1141,"Venezuela",NA,"S","secondary"
"858",-62.46,5.02,1142,"Venezuela",NA,"S","secondary"
"859",-62.71,5.2,1143,"Venezuela",NA,"S","secondary"
"860",-60.71,5.02,1144,"Venezuela",NA,"S","secondary"
"861",-63.33,6.03,1145,"Venezuela",NA,"S","secondary"
"862",-63.28,7.25,1146,"Venezuela",NA,"S","secondary"
"863",-62.82,5.34,1147,"Venezuela",NA,"S","secondary"
"864",-62.9,6.06,1148,"Venezuela",1968,"S","secondary"
"865",-62.87,6.9,1149,"Venezuela",NA,"S","secondary"
"866",-61.77,6.53,1150,"Venezuela",NA,"S","secondary"
"867",-65.83,6.34,1151,"Venezuela",NA,"S","secondary"
"868",-63.05,6.16,1152,"Venezuela",NA,"S","secondary"
"869",-61.15,4.72,1153,"Venezuela",NA,"S","secondary"
"870",-63.27,6.86,1154,"Venezuela",NA,"S","secondary"
"871",-62.9,6.03,1155,"Venezuela",NA,"S","secondary"
"872",-65.81,6.36,1156,"Venezuela",NA,"S","secondary"
"873",-62.91,5.84,1157,"Venezuela",NA,"S","secondary"
"874",-63.42,5.71,1158,"Venezuela",NA,"S","secondary"
"875",-63,7.19,1159,"Venezuela",NA,"S","secondary"
"876",-61.84,4.24,1160,"Venezuela",NA,"S","secondary"
"877",-61.37,5.6,1161,"Venezuela",NA,"S","secondary"
"878",22.61,-16.3,1162,"Zambia",NA,"S","alluvial"
"879",24.82,-13.9,1163,"Zambia",NA,"S","alluvial"
"880",27.25,-16.25,1164,"Zambia",NA,"S","alluvial"
"881",22.33,-13.2,1165,"Zambia",NA,"S","alluvial"
"882",23.43,-16.3,1166,"Zambia",NA,"S","alluvial"
"883",23.12,-13.55,1167,"Zambia",NA,"S","alluvial"
"884",29.67,-19.7,1168,"Zimbabwe (Rhodesia)",1946,"S","alluvial"
"885",0,0,1173,"Zimbabwe (Rhodesia)",NA,"S","alluvial"
