"","oilLONG","oilLAT","oilnear","oil_country","oilyeardisc"
"1",18.43,49.4,1,"Slovakia",NA
"2",17.34,48.68,2,"Slovakia",1945
"3",17.91,48.35,3,"Slovakia",NA
"4",21.85,49.2,4,"Slovakia",1998
"5",21.46,48.87,5,"Slovakia",1996
"6",-69.86,-12.29,6,"Peru",NA
"7",-74.29,-9.8,7,"Peru",NA
"8",-73.59,-9.48,8,"Peru",NA
"9",-61.3,10.39,9,"Trinidad and Tobago",1945
"10",-55.59,5.78,10,"Suriname",1981
"11",-69.96,-15.38,11,"Peru",1946
"12",-74.72,-8.85,12,"Peru",1945
"13",-75.23,-8.37,13,"Peru",1961
"14",-74.89,-7.38,14,"Peru",1957
"15",-74.33,-5.19,15,"Peru",1974
"16",-74.96,-5.16,16,"Peru",1977
"17",-75.73,-3.01,17,"Peru",1971
"18",-81.01,-4.48,18,"Peru",1945
"19",-80.58,-3.76,19,"Peru",1971
"20",-72.75,-11.82,20,"Peru",NA
"21",-73.18,-11.56,21,"Peru",1986
"22",-71.25,7.15,22,"Venezuela",1987
"23",-72.27,7.69,23,"Venezuela",1945
"24",-70.05,8.4,24,"Venezuela",1948
"25",-64.45,9.19,25,"Venezuela",1945
"26",-68.51,10.94,26,"Venezuela",1927
"27",-72.33,9.99,27,"Venezuela",1945
"28",-69.91,11.26,28,"Venezuela",1945
"29",-70.85,10.81,29,"Venezuela",1945
"30",-71.01,10,30,"Venezuela",1945
"31",-59.49,3.74,31,"Guyana",1982
"32",-80.65,-2.12,32,"Ecuador",1945
"33",-77.76,-0.71,33,"Ecuador",NA
"34",-76.63,-0.87,34,"Ecuador",1967
"35",-76.53,0.73,35,"Colombia",1959
"36",-74.54,2.12,36,"Colombia",NA
"37",-72.18,3.47,37,"Colombia",NA
"38",-71.5,3.8,38,"Colombia",1989
"39",-73.25,3.9,39,"Colombia",1969
"40",-73.12,4.73,40,"Colombia",1988
"41",-75.14,3.7,41,"Colombia",1985
"42",-70.14,5.6,42,"Colombia",1988
"43",-72.85,5.77,43,"Colombia",NA
"44",-71.8,5.15,44,"Colombia",1974
"45",-71.24,6.78,45,"Colombia",1980
"46",-71.85,6.87,46,"Colombia",NA
"47",-73.93,6.99,47,"Colombia",1945
"48",-76.12,8.51,48,"Colombia",NA
"49",-72.77,8.44,49,"Colombia",1945
"50",-73.4,9.76,50,"Colombia",NA
"51",-74.78,9.32,51,"Colombia",1956
"52",-74.97,10.64,52,"Colombia",NA
"53",-72.73,11.44,53,"Colombia",1977
"54",-69.18,-53.2,54,"Chile",1945
"55",-70.69,-52.56,55,"Chile",1958
"56",-72.18,-51.99,56,"Chile",NA
"57",-72.77,-38.7,57,"Chile",NA
"58",-73.48,-37.62,58,"Chile",NA
"59",-51.57,-26.63,59,"Brazil",NA
"60",-51.79,-24.9,60,"Brazil",NA
"61",-52.8,-24.67,61,"Brazil",NA
"62",-51.32,-24.51,62,"Brazil",NA
"63",-52.05,-22.31,63,"Brazil",NA
"64",-39.92,-19.01,64,"Brazil",1972
"65",-39.36,-17.72,65,"Brazil",NA
"66",-36.54,-10.19,66,"Brazil",1950
"67",-65.24,-4.93,67,"Brazil",1988
"68",-37.22,-5.29,68,"Brazil",1981
"69",-71.89,-4.73,69,"Brazil",NA
"70",-66.95,-5.05,70,"Brazil",1978
"71",-67.78,-4.53,71,"Brazil",NA
"72",-58.26,-4.37,72,"Brazil",1950
"73",-66.06,-3.98,73,"Brazil",NA
"74",-59.26,-3.75,74,"Brazil",1950
"75",-59.86,-3.34,75,"Brazil",1950
"76",-54.91,-2.82,76,"Brazil",1950
"77",-43.25,-2.62,77,"Brazil",NA
"78",-55.92,-1.3,78,"Brazil",1950
"79",-38.66,-11.5,79,"Brazil",1959
"80",-38.27,-12.17,80,"Brazil",1945
"81",-63.54,-20.6,81,"Bolivia",1945
"82",-63,-17.99,82,"Bolivia",1960
"83",-64.08,-17.04,83,"Bolivia",1968
"84",-67.93,-11.59,84,"Bolivia",1991
"85",-68.12,-53.7,85,"Argentina",1949
"86",-69.9,-51.19,86,"Argentina",1965
"87",-71.83,-49.65,87,"Argentina",NA
"88",-68.87,-46.13,88,"Argentina",1945
"89",-68.97,-37.68,89,"Argentina",1945
"90",-67.2,-34,90,"Argentina",NA
"91",-68.78,-33.33,91,"Argentina",1945
"92",-65.08,-25.01,92,"Argentina",NA
"93",-63.96,-23.83,93,"Argentina",NA
"94",-62.19,-23.2,94,"Argentina",1983
"95",-63.03,-22.8,95,"Argentina",NA
"96",-63.83,-22.52,96,"Argentina",1945
"97",-102.23,78.52,97,"Canada",NA
"98",-104.64,79.15,98,"Canada",NA
"99",-83.33,79.28,99,"Canada",1972
"100",-126.61,65.61,100,"Canada",1945
"101",-82.15,42.46,101,"Canada",1945
"102",-80.03,42.92,102,"Canada",NA
"103",-102.57,49.65,103,"Canada",1950
"104",-111.77,55.91,104,"Canada",NA
"105",-116.74,56.56,105,"Canada",1945
"106",-120.09,58.84,106,"Canada",1965
"107",-126,60,107,"Canada",1965
"108",-117.88,60.03,108,"Canada",NA
"109",-133.45,69.12,109,"Canada",1972
"110",-135.25,69.24,110,"Canada",1971
"111",-109.73,76.36,111,"Canada",1972
"112",-114.62,50.53,112,"Canada",1945
"113",-121.11,55.04,113,"Canada",NA
"114",-120.25,54.93,114,"Canada",NA
"115",-114.64,53.83,115,"Canada",1945
"116",-109.57,50.62,116,"Canada",1945
"117",-81.36,26.15,117,"United States of Ameri",1945
"118",-89.81,29.55,118,"United States of Ameri",1945
"119",-89.72,29.99,119,"United States of Ameri",NA
"120",-87.63,30.48,120,"United States of Ameri",NA
"121",-87.2,31.03,121,"United States of Ameri",NA
"122",-88.19,31.41,122,"United States of Ameri",NA
"123",-89.82,31.69,123,"United States of Ameri",NA
"124",-109.92,35.16,124,"United States of Ameri",NA
"125",-85.89,35.14,125,"United States of Ameri",NA
"126",-102.97,35.83,126,"United States of Ameri",NA
"127",-103.11,36.56,127,"United States of Ameri",1945
"128",-106.49,36.67,128,"United States of Ameri",1945
"129",-104.22,37.98,129,"United States of Ameri",NA
"130",-90.73,39.46,130,"United States of Ameri",NA
"131",-87.23,39.77,131,"United States of Ameri",NA
"132",-105.38,40.08,132,"United States of Ameri",NA
"133",-124.01,40.58,133,"United States of Ameri",1945
"134",-84.89,41.27,134,"United States of Ameri",NA
"135",-83.43,42.14,135,"United States of Ameri",NA
"136",-85.08,43.04,136,"United States of Ameri",1945
"137",-106.99,45.01,137,"United States of Ameri",NA
"138",-123.11,46.11,138,"United States of Ameri",1979
"139",-104.45,47.34,139,"United States of Ameri",1945
"140",-102.62,48.53,140,"United States of Ameri",NA
"141",-151.09,60.21,141,"United States of Ameri",1957
"142",-152.4,69.35,142,"United States of Ameri",1946
"143",-147.69,69.49,143,"United States of Ameri",1969
"144",-143.78,69.94,144,"United States of Ameri",1975
"145",-149.63,70.24,145,"United States of Ameri",1967
"146",-155.6,70.73,146,"United States of Ameri",1950
"147",-156.94,70.96,147,"United States of Ameri",1949
"148",-107.61,45.77,148,"United States of Ameri",NA
"149",-109.69,47.69,149,"United States of Ameri",1945
"150",-107.47,46.82,150,"United States of Ameri",NA
"151",-107.38,48.67,151,"United States of Ameri",NA
"152",-106.94,48.55,152,"United States of Ameri",NA
"153",-104.69,45.15,153,"United States of Ameri",NA
"154",-109.12,45.7,154,"United States of Ameri",1945
"155",-105.65,43.88,155,"United States of Ameri",1945
"156",-108.74,44.3,156,"United States of Ameri",1945
"157",-108.22,43.06,157,"United States of Ameri",1945
"158",-111,41.76,158,"United States of Ameri",1975
"159",-108.46,41.57,159,"United States of Ameri",1945
"160",-106.66,40.42,160,"United States of Ameri",1945
"161",-105.39,41.4,161,"United States of Ameri",NA
"162",-104.31,41.04,162,"United States of Ameri",1945
"163",-111.61,40.17,163,"United States of Ameri",1954
"164",-109.69,39.99,164,"United States of Ameri",1945
"165",-109.58,37.33,165,"United States of Ameri",1956
"166",-109.5,36.48,166,"United States of Ameri",1954
"167",-108.24,36.59,167,"United States of Ameri",1945
"168",-121.59,38.71,168,"United States of Ameri",1945
"169",-121.37,39.72,169,"United States of Ameri",NA
"170",-118.84,34.94,170,"United States of Ameri",NA
"171",-120.33,34.93,171,"United States of Ameri",1945
"172",-118.9,34.41,172,"United States of Ameri",1945
"173",-118.05,33.92,173,"United States of Ameri",1945
"174",-119.84,36.21,174,"United States of Ameri",1945
"175",-120.85,36.1,175,"United States of Ameri",1947
"176",-102.27,30.22,176,"United States of Ameri",1979
"177",-100.16,31.79,177,"United States of Ameri",NA
"178",-99.6,32.09,178,"United States of Ameri",NA
"179",-102.13,31.99,179,"United States of Ameri",1945
"180",-100.49,33.85,180,"United States of Ameri",NA
"181",-99.98,33.98,181,"United States of Ameri",1945
"182",-97.32,33.96,182,"United States of Ameri",NA
"183",-98.61,33.49,183,"United States of Ameri",1945
"184",-96.75,32.39,184,"United States of Ameri",1945
"185",-100.14,36.63,185,"United States of Ameri",1945
"186",-96.96,37.28,186,"United States of Ameri",1945
"187",-97.85,37.72,187,"United States of Ameri",1945
"188",-97.93,39.13,188,"United States of Ameri",1945
"189",-99.16,38.65,189,"United States of Ameri",1945
"190",-93.78,36.39,190,"United States of Ameri",NA
"191",-94.74,35.42,191,"United States of Ameri",1945
"192",-97.74,34.55,192,"United States of Ameri",1945
"193",-94.64,38.83,193,"United States of Ameri",1945
"194",-95.9,36.61,194,"United States of Ameri",1945
"195",-96.15,29.13,195,"United States of Ameri",1945
"196",-95.41,32.3,196,"United States of Ameri",1945
"197",-92.63,32.54,197,"United States of Ameri",1945
"198",-88.06,34,198,"United States of Ameri",1945
"199",-87.01,33.53,199,"United States of Ameri",NA
"200",-87.69,41.13,200,"United States of Ameri",NA
"201",-86.75,40.88,201,"United States of Ameri",NA
"202",-88.04,38.27,202,"United States of Ameri",1945
"203",-86.13,36.93,203,"United States of Ameri",1945
"204",-84.88,36.65,204,"United States of Ameri",NA
"205",-83.71,38.14,205,"United States of Ameri",NA
"206",-84.48,40.3,206,"United States of Ameri",1945
"207",-80.46,40.17,207,"United States of Ameri",1945
"208",48.01,14.55,208,"Yemen",NA
"209",46.79,14.97,209,"Yemen",1987
"210",45.77,15.5,210,"Yemen",1984
"211",48.1,15.78,211,"Yemen",NA
"212",48.98,15.65,212,"Yemen",1991
"213",52.42,23.52,213,"United Arab Emirates",NA
"214",54.19,23.43,214,"United Arab Emirates",1958
"215",55.63,24.99,215,"United Arab Emirates",1980
"216",38.13,35.49,216,"Syria",NA
"217",41.71,37.06,217,"Syria",NA
"218",41.2,36.67,218,"Syria",1956
"219",40.59,34.47,219,"Syria",NA
"220",39.88,35.15,220,"Syria",NA
"221",38.58,35.63,221,"Syria",NA
"222",38.4,34.97,222,"Syria",NA
"223",40.57,35.79,223,"Syria",1968
"224",40.82,35.06,224,"Syria",1984
"225",53.29,21.63,225,"Saudi Arabia",1967
"226",54.21,22.37,226,"Saudi Arabia",1968
"227",52.63,22.59,227,"Saudi Arabia",1972
"228",50.42,23.55,228,"Saudi Arabia",1979
"229",49.44,23.79,229,"Saudi Arabia",1982
"230",46.97,23.14,230,"Saudi Arabia",1989
"231",48.77,24.16,231,"Saudi Arabia",NA
"232",49.43,24.76,232,"Saudi Arabia",1948
"233",48.07,24.71,233,"Saudi Arabia",1957
"234",49.45,25.93,234,"Saudi Arabia",1945
"235",47.39,26.04,235,"Saudi Arabia",1966
"236",35.02,28.25,236,"Saudi Arabia",1992
"237",37.59,31.28,237,"Saudi Arabia",NA
"238",49.86,26.56,238,"Saudi Arabia",1945
"239",50.04,26.26,239,"Saudi Arabia",1945
"240",48.38,27.38,240,"Saudi Arabia",1945
"241",47.06,27.76,241,"Saudi Arabia",1973
"242",50.9,25.38,242,"Qatar",1945
"243",55.61,20.52,243,"Oman",1978
"244",55.74,21.59,244,"Oman",NA
"245",55.59,23.11,245,"Oman",1974
"246",56.33,22.51,246,"Oman",1956
"247",58.3,22.26,247,"Oman",NA
"248",57.2,22.1,248,"Oman",1983
"249",56.88,21.18,249,"Oman",1972
"250",55.49,18.85,250,"Oman",1978
"251",56.05,18.56,251,"Oman",1978
"252",47.62,29.35,252,"Kuwait",1945
"253",46.9,29.19,253,"Kuwait",NA
"254",37.55,30.62,254,"Jordan",NA
"255",35.63,31.39,255,"Jordan",NA
"256",37.01,31.74,256,"Jordan",1984
"257",38.91,32.4,257,"Jordan",1987
"258",35.19,31.16,258,"Israel",1959
"259",34.49,31.05,259,"Israel",NA
"260",34.71,31.59,260,"Israel",1955
"261",46.28,29.56,261,"Iraq",1976
"262",45.09,30.74,262,"Iraq",NA
"263",46.02,31.21,263,"Iraq",NA
"264",42.82,33.4,264,"Iraq",NA
"265",44.08,32.9,265,"Iraq",1975
"266",40.94,34.13,266,"Iraq",NA
"267",45.5,34.67,267,"Iraq",1945
"268",42.56,36.17,268,"Iraq",NA
"269",43.59,34.73,269,"Iraq",1973
"270",43.89,35.53,270,"Iraq",1945
"271",44.87,33.91,271,"Iraq",NA
"272",47.36,32.16,272,"Iraq",1971
"273",46.87,31.23,273,"Iraq",1949
"274",49.19,31.54,274,"Iran",1945
"275",48.31,31.09,275,"Iran",1958
"276",56.03,27.35,276,"Iran",1961
"277",53.2,29.14,277,"Iran",1975
"278",52.47,28.31,278,"Iran",1945
"279",51.19,30.99,279,"Iran",1967
"280",50.19,32.36,280,"Iran",1945
"281",56.23,33.26,281,"Iran",NA
"282",45.92,34.08,282,"Iran",1945
"283",51.08,34.59,283,"Iran",NA
"284",51.49,35,284,"Iran",1958
"285",50.99,35.5,285,"Iran",1956
"286",60.86,36.42,286,"Iran",1969
"287",54.38,37.11,287,"Iran",NA
"288",51,28.91,288,"Iran",1967
"289",50.54,26.04,289,"Bahrain",1945
"290",-92.06,18.55,290,"Mexico",NA
"291",-105.3,21.87,291,"Mexico",NA
"292",-100.78,27.05,292,"Mexico",1972
"293",-97.84,21.36,293,"Mexico",1945
"294",-98.03,20.63,294,"Mexico",1974
"295",-92.4,17.93,295,"Mexico",1951
"296",-94.83,18.15,296,"Mexico",NA
"297",-94.06,17.98,297,"Mexico",1945
"298",-93.2,17.89,298,"Mexico",1958
"299",-96.55,19.01,299,"Mexico",1953
"300",-96.96,18.57,300,"Mexico",1975
"301",-95.73,18.17,301,"Mexico",1953
"302",-96.16,17.93,302,"Mexico",NA
"303",-97.71,25.91,303,"Mexico",1951
"304",-98.3,25.29,304,"Mexico",1948
"305",-90.03,15.79,305,"Guatemala",1977
"306",-90.76,17.22,306,"Guatemala",1985
"307",-90.71,16.85,307,"Guatemala",1985
"308",-78.93,21.95,308,"Cuba",1945
"309",-80.76,22.79,309,"Cuba",1945
"310",-82.02,22.92,310,"Cuba",1945
"311",71.72,40.71,311,"Uzbekistan",1945
"312",56.39,42.67,312,"Uzbekistan",NA
"313",58.28,43.65,313,"Uzbekistan",1964
"314",57.73,44.35,314,"Uzbekistan",1964
"315",64.61,39.49,315,"Uzbekistan",1953
"316",67.2,37.99,316,"Uzbekistan",1945
"317",28.31,45.65,317,"Moldova",1957
"318",28.52,46.12,318,"Moldova",1963
"319",22.19,55.4,319,"Lithuania",1965
"320",21.48,56.78,320,"Latvia",1965
"321",69.87,39.98,321,"Kyrgyzstan",1974
"322",71.24,40.1,322,"Kyrgyzstan",1955
"323",72.45,41.22,323,"Kyrgyzstan",1945
"324",35.84,45.21,324,"Ukraine",NA
"325",33.63,45.62,325,"Ukraine",NA
"326",29.89,45.99,326,"Ukraine",NA
"327",35.62,46.66,327,"Ukraine",NA
"328",23.96,48.83,328,"Ukraine",1945
"329",24.11,50.26,329,"Ukraine",NA
"330",24.68,50.77,330,"Ukraine",NA
"331",35.44,50.42,331,"Ukraine",NA
"332",35.33,49.72,332,"Ukraine",1950
"333",61.14,36.85,333,"Turkmenistan",1968
"334",62.95,38.35,334,"Turkmenistan",1971
"335",54.18,38.72,335,"Turkmenistan",1945
"336",61.39,40.41,336,"Turkmenistan",1966
"337",62.51,36.14,337,"Turkmenistan",1956
"338",64.47,36.65,338,"Turkmenistan",1956
"339",62.27,37.28,339,"Turkmenistan",1956
"340",64.55,37.59,340,"Turkmenistan",1956
"341",65.79,37.7,341,"Turkmenistan",1956
"342",59.67,38.02,342,"Turkmenistan",1956
"343",55.95,39.23,343,"Turkmenistan",1956
"344",58.67,39.57,344,"Turkmenistan",1956
"345",58.82,41.67,345,"Turkmenistan",NA
"346",62.6,35.4,346,"Turkmenistan",NA
"347",62.2,35.5,347,"Turkmenistan",1956
"348",69.04,39.98,348,"Tajikistan",1969
"349",68.44,37.48,349,"Tajikistan",NA
"350",69.82,38.24,350,"Tajikistan",NA
"351",68.79,38.52,351,"Tajikistan",NA
"352",70.24,40.28,352,"Tajikistan",1945
"353",142.45,46.74,353,"Russia (Soviet Union)",NA
"354",47.87,46.5,354,"Russia (Soviet Union)",1976
"355",45.95,47.45,355,"Russia (Soviet Union)",1945
"356",44.36,48.18,356,"Russia (Soviet Union)",1945
"357",40.87,48.5,357,"Russia (Soviet Union)",1960
"358",132.51,50.87,358,"Russia (Soviet Union)",NA
"359",103.91,52.91,359,"Russia (Soviet Union)",NA
"360",103.83,53.91,360,"Russia (Soviet Union)",NA
"361",142.73,52.38,361,"Russia (Soviet Union)",1945
"362",105.49,54.38,362,"Russia (Soviet Union)",NA
"363",155.95,54.79,363,"Russia (Soviet Union)",1980
"364",21.44,54.74,364,"Russia (Soviet Union)",NA
"365",108.16,55,365,"Russia (Soviet Union)",1986
"366",49.06,55.43,366,"Russia (Soviet Union)",NA
"367",105.78,55.46,367,"Russia (Soviet Union)",NA
"368",102.06,56.31,368,"Russia (Soviet Union)",NA
"369",76.49,56.6,369,"Russia (Soviet Union)",1973
"370",58.83,56.8,370,"Russia (Soviet Union)",NA
"371",65.75,57.18,371,"Russia (Soviet Union)",1970
"372",72.22,57.46,372,"Russia (Soviet Union)",NA
"373",73.45,57.96,373,"Russia (Soviet Union)",NA
"374",107.58,58.29,374,"Russia (Soviet Union)",1962
"375",66.12,58.65,375,"Russia (Soviet Union)",NA
"376",98.84,58.68,376,"Russia (Soviet Union)",NA
"377",53.57,58.88,377,"Russia (Soviet Union)",NA
"378",71.9,58.99,378,"Russia (Soviet Union)",NA
"379",108.08,59.44,379,"Russia (Soviet Union)",NA
"380",69.16,59.83,380,"Russia (Soviet Union)",NA
"381",68.1,59.96,381,"Russia (Soviet Union)",NA
"382",102.12,59.99,382,"Russia (Soviet Union)",1980
"383",108.07,60.01,383,"Russia (Soviet Union)",NA
"384",95.44,60.21,384,"Russia (Soviet Union)",NA
"385",103.53,60.31,385,"Russia (Soviet Union)",NA
"386",66.96,60.33,386,"Russia (Soviet Union)",NA
"387",109.57,60.29,387,"Russia (Soviet Union)",1978
"388",96.82,60.47,388,"Russia (Soviet Union)",1985
"389",118.38,60.58,389,"Russia (Soviet Union)",NA
"390",96.62,61.12,390,"Russia (Soviet Union)",NA
"391",111.39,60.39,391,"Russia (Soviet Union)",1970
"392",175.39,62.23,392,"Russia (Soviet Union)",NA
"393",177.56,62.66,393,"Russia (Soviet Union)",NA
"394",118.99,63,394,"Russia (Soviet Union)",1975
"395",120.59,63.52,395,"Russia (Soviet Union)",1963
"396",119.33,63.61,396,"Russia (Soviet Union)",NA
"397",70.7,63.7,397,"Russia (Soviet Union)",NA
"398",176.69,63.74,398,"Russia (Soviet Union)",1989
"399",122.57,63.83,399,"Russia (Soviet Union)",1967
"400",66.15,63.85,400,"Russia (Soviet Union)",1953
"401",125.29,63.79,401,"Russia (Soviet Union)",1956
"402",117.59,64.15,402,"Russia (Soviet Union)",1976
"403",82.28,64.32,403,"Russia (Soviet Union)",NA
"404",91.26,64.1,404,"Russia (Soviet Union)",NA
"405",120.91,64.58,405,"Russia (Soviet Union)",NA
"406",88.54,64.86,406,"Russia (Soviet Union)",NA
"407",72.88,65.35,407,"Russia (Soviet Union)",1972
"408",52.74,65.47,408,"Russia (Soviet Union)",1986
"409",82.25,65.48,409,"Russia (Soviet Union)",NA
"410",88.29,65.55,410,"Russia (Soviet Union)",NA
"411",54.75,65.96,411,"Russia (Soviet Union)",NA
"412",61.77,66.26,412,"Russia (Soviet Union)",1985
"413",82.24,66.97,413,"Russia (Soviet Union)",NA
"414",83.39,67.56,414,"Russia (Soviet Union)",NA
"415",76.31,67.84,415,"Russia (Soviet Union)",1966
"416",84.04,68.31,416,"Russia (Soviet Union)",1971
"417",75,68.55,417,"Russia (Soviet Union)",1971
"418",57.12,65.8,418,"Russia (Soviet Union)",1945
"419",71.65,68.56,419,"Russia (Soviet Union)",1964
"420",67.96,69.73,420,"Russia (Soviet Union)",NA
"421",75.24,69.54,421,"Russia (Soviet Union)",1975
"422",84.95,70.5,422,"Russia (Soviet Union)",NA
"423",76.98,70.62,423,"Russia (Soviet Union)",1978
"424",81.75,71.02,424,"Russia (Soviet Union)",NA
"425",74.51,71.01,425,"Russia (Soviet Union)",1979
"426",77.02,71.67,426,"Russia (Soviet Union)",1969
"427",73.99,71.76,427,"Russia (Soviet Union)",NA
"428",84.49,71.71,428,"Russia (Soviet Union)",NA
"429",69.93,71.02,429,"Russia (Soviet Union)",1968
"430",99.55,72.63,430,"Russia (Soviet Union)",NA
"431",37.8,44.69,431,"Russia (Soviet Union)",NA
"432",44.85,44.59,432,"Russia (Soviet Union)",1945
"433",39.7,45.48,433,"Russia (Soviet Union)",1945
"434",114.7,61.08,434,"Russia (Soviet Union)",1970
"435",114.3,61.86,435,"Russia (Soviet Union)",1977
"436",45.48,49.4,436,"Russia (Soviet Union)",1945
"437",45.32,50.79,437,"Russia (Soviet Union)",1949
"438",53.83,55.17,438,"Russia (Soviet Union)",1945
"439",48.24,51.01,439,"Russia (Soviet Union)",1953
"440",82.59,69.43,440,"Russia (Soviet Union)",1966
"441",74.88,62.35,441,"Russia (Soviet Union)",1960
"442",54.21,42.77,442,"Kazakhstan",NA
"443",52.16,43.38,443,"Kazakhstan",1961
"444",71.42,44.24,444,"Kazakhstan",1975
"445",51.87,45.14,445,"Kazakhstan",1974
"446",68.05,45.67,446,"Kazakhstan",NA
"447",58.58,46.12,447,"Kazakhstan",NA
"448",48.73,46.64,448,"Kazakhstan",NA
"449",65.24,46.24,449,"Kazakhstan",1984
"450",48.99,47.12,450,"Kazakhstan",NA
"451",50.45,47.02,451,"Kazakhstan",1966
"452",57.09,48.27,452,"Kazakhstan",1978
"453",49.97,49.22,453,"Kazakhstan",NA
"454",56.57,49.21,454,"Kazakhstan",NA
"455",53.28,49.45,455,"Kazakhstan",NA
"456",54.27,49.75,456,"Kazakhstan",NA
"457",49.24,49.8,457,"Kazakhstan",NA
"458",53.24,51.27,458,"Kazakhstan",1978
"459",50.9,51.51,459,"Kazakhstan",NA
"460",52.16,51.54,460,"Kazakhstan",1968
"461",50.9,51.21,461,"Kazakhstan",1979
"462",54,44.87,462,"Kazakhstan",NA
"463",56.07,45.97,463,"Kazakhstan",1966
"464",53.92,47.06,464,"Kazakhstan",1945
"465",55.92,46.36,465,"Kazakhstan",NA
"466",45.45,41.57,466,"Georgia",1945
"467",41.83,42.41,467,"Georgia",1975
"468",29.69,52.45,468,"Belarus",1954
"469",47.11,40.35,469,"Azerbaijan",NA
"470",48.83,41.13,470,"Azerbaijan",1945
"471",49.25,40.79,471,"Azerbaijan",NA
"472",49.15,40.06,472,"Azerbaijan",1945
"473",-2.21,50.79,473,"United Kingdom",1959
"474",-0.61,51.13,474,"United Kingdom",1965
"475",-2.42,52.6,475,"United Kingdom",NA
"476",-2.93,53.39,476,"United Kingdom",1939
"477",-0.87,53.49,477,"United Kingdom",1945
"478",-3.53,55.97,478,"United Kingdom",1945
"479",36.18,36.41,479,"Turkey",2000
"480",37.25,36.8,480,"Turkey",NA
"481",35.33,37.06,481,"Turkey",1960
"482",41.69,37.26,482,"Turkey",1976
"483",27.45,41.34,483,"Turkey",1970
"484",39,37.63,484,"Turkey",1968
"485",38.48,37.9,485,"Turkey",1958
"486",37.89,37.4,486,"Turkey",NA
"487",38.48,37.9,487,"Turkey",1958
"488",41.69,37.26,488,"Turkey",1976
"489",8,47.08,489,"Switzerland",1964
"490",15.16,58.49,490,"Sweden",1945
"491",18.57,57.42,491,"Sweden",1975
"492",-5.82,37.44,492,"Spain",1982
"493",-0.39,42.57,493,"Spain",1978
"494",-3.8,42.69,494,"Spain",1964
"495",-2.07,42.74,495,"Spain",NA
"496",-2.67,42.37,496,"Spain",NA
"497",-2.79,42.81,497,"Spain",1960
"498",16.01,46.52,498,"Slovenia",1945
"499",21.41,43.56,499,"Serbia/Montenegro",NA
"500",20.26,45.34,500,"Serbia/Montenegro",1952
"501",24.56,46.4,501,"Rumania",1945
"502",25.9,45.39,502,"Rumania",1945
"503",24.35,47.63,503,"Rumania",NA
"504",21.85,46.62,504,"Rumania",1963
"505",22.23,51.43,505,"Poland",NA
"506",18.74,52.17,506,"Poland",NA
"507",16.7,51.95,507,"Poland",1961
"508",18.4,53.19,508,"Poland",NA
"509",16.05,53.8,509,"Poland",1972
"510",18.03,54.69,510,"Poland",NA
"511",23.49,50.6,511,"Poland",NA
"512",21.18,49.98,512,"Poland",1945
"513",4.82,51.87,513,"Netherlands",1953
"514",6.73,52.25,514,"Netherlands",1953
"515",6.32,52.92,515,"Netherlands",1945
"516",4.89,52.67,516,"Netherlands",1969
"517",22.08,41.66,517,"Macedonia, FYR",NA
"518",12.75,37.79,518,"Italy",NA
"519",14.6,37.43,519,"Italy",1954
"520",16.89,39.22,520,"Italy",NA
"521",14.09,41.08,521,"Italy",NA
"522",13.49,41.54,522,"Italy",NA
"523",12.25,45.87,523,"Italy",NA
"524",14.92,41.59,524,"Italy",1945
"525",10.95,43.69,525,"Italy",NA
"526",10.57,44.78,526,"Italy",1945
"527",10.45,43.68,527,"Italy",NA
"528",17.22,46.83,528,"Hungary",1945
"529",20.31,47.15,529,"Hungary",1954
"530",21.45,37.98,530,"Greece",NA
"531",20.67,39.75,531,"Greece",1997
"532",13.28,53.89,532,"Germany",1961
"533",13.39,54.24,533,"Germany",NA
"534",11.08,48.05,534,"Germany",1954
"535",8.03,48.44,535,"Germany",NA
"536",8.43,49.46,536,"Germany",1945
"537",10.67,51.12,537,"Germany",1945
"538",11.82,51.34,538,"Germany",NA
"539",13.63,52.25,539,"Germany",NA
"540",10.85,52.09,540,"Germany",1945
"541",11.19,52.88,541,"Germany",1955
"542",7.22,52.13,542,"Germany",1945
"543",9.46,51.92,543,"Germany",NA
"544",9.13,53.09,544,"Germany",1945
"545",3.38,43.51,545,"France",NA
"546",4.29,43.67,546,"France",NA
"547",-0.09,43.36,547,"France",1945
"548",4.26,44.25,548,"France",NA
"549",-0.94,44.43,549,"France",1954
"550",5.65,46.44,550,"France",NA
"551",7.13,47.79,551,"France",NA
"552",6.09,48.44,552,"France",NA
"553",7.63,48.68,553,"France",1945
"554",3.38,48.58,554,"France",1958
"555",1.82,49.51,555,"France",NA
"556",9.01,55.08,556,"Denmark",NA
"557",17.3,49.38,557,"Czech Republic",1996
"558",17.14,49.02,558,"Czech Republic",1945
"559",17.39,45.62,559,"Croatia",1952
"560",27.68,42.98,560,"Bulgaria",NA
"561",28.32,43.55,561,"Bulgaria",1951
"562",24.13,43.34,562,"Bulgaria",1962
"563",22.77,44.02,563,"Bulgaria",NA
"564",18.56,44.64,564,"Bosnia-Herzegovina",NA
"565",15.68,47.11,565,"Austria",1972
"566",13.84,48.13,566,"Austria",1945
"567",14.23,47.72,567,"Austria",1986
"568",16.24,48.55,568,"Austria",NA
"569",16.36,48.17,569,"Austria",1945
"570",20.13,39.97,570,"Albania",1989
"571",19.75,40.79,571,"Albania",1945
"572",106.43,20.41,572,"Vietnam",NA
"573",104.53,16.61,573,"Thailand",1971
"574",102.89,16.88,574,"Thailand",1981
"575",99.94,16.86,575,"Thailand",1981
"576",99.24,19.84,576,"Thailand",1945
"577",99.94,14.21,577,"Thailand",1981
"578",101.17,15.55,578,"Thailand",1981
"579",102.44,15.88,579,"Thailand",1971
"580",121.17,24.69,580,"Taiwan",NA
"581",120.75,24.58,581,"Taiwan",NA
"582",120.9,23.06,582,"Taiwan",NA
"583",120.83,23.83,583,"Taiwan",NA
"584",120.46,23.23,584,"Taiwan",NA
"585",120.27,23.67,585,"Taiwan",NA
"586",123.42,9.72,586,"Philippines",NA
"587",123.74,10.35,587,"Philippines",1945
"588",123.98,10.96,588,"Philippines",NA
"589",120.74,15.57,589,"Philippines",NA
"590",121.63,16.62,590,"Philippines",NA
"591",121.77,17.58,591,"Philippines",NA
"592",144.74,-7.07,592,"Papua New Guinea",1956
"593",141.77,-6.09,593,"Papua New Guinea",1983
"594",141.6,-5.51,594,"Papua New Guinea",1990
"595",143.13,-6.32,595,"Papua New Guinea",1986
"596",143.94,-7.18,596,"Papua New Guinea",1958
"597",68.5,25.2,597,"Pakistan",1966
"598",67.44,27.62,598,"Pakistan",1959
"599",68.33,29.47,599,"Pakistan",NA
"600",69.27,29.79,600,"Pakistan",NA
"601",71.82,30.55,601,"Pakistan",1984
"602",70.23,30.89,602,"Pakistan",1976
"603",72.56,33.19,603,"Pakistan",1945
"604",68.23,28.27,604,"Pakistan",NA
"605",68.84,28.79,605,"Pakistan",1952
"606",69.25,27.67,606,"Pakistan",1957
"607",171.44,-42.62,607,"New Zealand",1945
"608",174.31,-39.28,608,"New Zealand",1945
"609",95.62,16.48,609,"Myanmar (Burma)",1999
"610",95.74,17.31,610,"Myanmar (Burma)",1991
"611",93.61,19.04,611,"Myanmar (Burma)",NA
"612",94.99,19.83,612,"Myanmar (Burma)",1945
"613",95.63,21.7,613,"Myanmar (Burma)",1995
"614",94.66,23.79,614,"Myanmar (Burma)",1945
"615",109.84,44.29,615,"Mongolia",1945
"616",111.89,2.73,616,"Malaysia",NA
"617",114.1,4.36,617,"Malaysia",1945
"618",131.26,31.83,618,"Japan",NA
"619",140.05,35.67,619,"Japan",NA
"620",139.75,37.15,620,"Japan",NA
"621",140.31,42.58,621,"Japan",NA
"622",141.93,45.04,622,"Japan",NA
"623",140.33,39.35,623,"Japan",NA
"624",140.08,39.39,624,"Japan",1945
"625",141.87,42.94,625,"Japan",1945
"626",141.47,43.42,626,"Japan",NA
"627",139.28,37.43,627,"Japan",NA
"628",138.9,37.44,628,"Japan",1945
"629",138.4,35.09,629,"Japan",NA
"630",138.08,34.78,630,"Japan",NA
"631",127.7,26.21,631,"Japan",NA
"632",126.82,-8.55,632,"Indonesia",NA
"633",125.19,-9.25,633,"Indonesia",NA
"634",110.28,-7.05,634,"Indonesia",NA
"635",109.72,-7.01,635,"Indonesia",NA
"636",107.61,-6.45,636,"Indonesia",1945
"637",120.15,-3.98,637,"Indonesia",NA
"638",130.43,-3.27,638,"Indonesia",1945
"639",133.12,-1.92,639,"Indonesia",1946
"640",137.7,-1.67,640,"Indonesia",NA
"641",115.25,-1.36,641,"Indonesia",1945
"642",122.32,-1.3,642,"Indonesia",NA
"643",131.44,-1.14,643,"Indonesia",1945
"644",100.88,-0.63,644,"Indonesia",NA
"645",115.15,-0.57,645,"Indonesia",NA
"646",117.24,-0.25,646,"Indonesia",1945
"647",99.81,1.3,647,"Indonesia",NA
"648",101.36,0.84,648,"Indonesia",1945
"649",117.5,2.91,649,"Indonesia",1945
"650",115.65,-2.06,650,"Indonesia",NA
"651",115.32,-2.19,651,"Indonesia",1965
"652",117.56,3.83,652,"Indonesia",1945
"653",117.29,3.75,653,"Indonesia",NA
"654",96.98,5,654,"Indonesia",NA
"655",97.39,4.65,655,"Indonesia",NA
"656",97.9,4.42,656,"Indonesia",1945
"657",98.51,3.51,657,"Indonesia",NA
"658",103.65,-2.58,658,"Indonesia",1945
"659",103,-3.48,659,"Indonesia",NA
"660",111.69,-7.11,660,"Indonesia",1945
"661",112.64,-7.62,661,"Indonesia",NA
"662",88.09,25.13,662,"India",NA
"663",78.85,9.38,663,"India",NA
"664",78.99,10.54,664,"India",1988
"665",79.49,11.07,665,"India",1985
"666",80.29,16.8,666,"India",NA
"667",81.54,16.57,667,"India",1978
"668",80.57,23,668,"India",NA
"669",91.6,23.16,669,"India",1972
"670",88.6,23.3,670,"India",1992
"671",91.58,23.74,671,"India",1972
"672",72.68,22.75,672,"India",1958
"673",92.69,24.7,673,"India",NA
"674",94.91,26.98,674,"India",1945
"675",70.33,27.47,675,"India",1988
"676",71.99,27.82,676,"India",NA
"677",76.43,31.91,677,"India",NA
"678",110.2,19.89,678,"China",NA
"679",106.32,26.25,679,"China",NA
"680",106.4,27.13,680,"China",NA
"681",103.81,29.4,681,"China",NA
"682",104.16,29.96,682,"China",1964
"683",103.53,30.36,683,"China",NA
"684",108.45,30.36,684,"China",NA
"685",112.75,30.26,685,"China",1960
"686",107.8,31.1,686,"China",NA
"687",121.4,31.19,687,"China",NA
"688",104.78,31.71,688,"China",NA
"689",107.5,32.2,689,"China",NA
"690",105.94,32.35,690,"China",NA
"691",119.6,32.75,691,"China",1975
"692",114.94,34.87,692,"China",NA
"693",109.08,35.33,693,"China",NA
"694",115.52,35.64,694,"China",1975
"695",103,36.18,695,"China",NA
"696",119.38,36.92,696,"China",NA
"697",111.59,37.08,697,"China",NA
"698",116.92,37.19,698,"China",NA
"699",77.32,37.46,699,"China",1977
"700",108.83,37.66,700,"China",NA
"701",115.33,37.9,701,"China",NA
"702",102.66,38.25,702,"China",NA
"703",83.94,38.35,703,"China",NA
"704",93.31,38.37,704,"China",1958
"705",109.03,36.99,705,"China",1945
"706",107.78,38.6,706,"China",NA
"707",106.86,37.76,707,"China",1988
"708",117.17,38.41,708,"China",1964
"709",118.47,39.26,709,"China",1970
"710",83.41,39.12,710,"China",1989
"711",77.68,39.39,711,"China",NA
"712",116.27,38.95,712,"China",1975
"713",75.49,39.5,713,"China",NA
"714",108.88,39.83,714,"China",NA
"715",80.25,41.58,715,"China",NA
"716",83.58,41.48,716,"China",1988
"717",112.63,42.44,717,"China",1997
"718",90.24,43.02,718,"China",NA
"719",111.9,43.42,719,"China",1997
"720",125.68,43.73,720,"China",NA
"721",87.91,44.1,721,"China",NA
"722",86.2,44.06,722,"China",NA
"723",84.77,44.25,723,"China",1945
"724",123.67,44.58,724,"China",NA
"725",115.75,44.83,725,"China",1997
"726",88.8,44.6,726,"China",NA
"727",85.24,45.71,727,"China",1945
"728",124.69,45.56,728,"China",1959
"729",117.8,48.38,729,"China",NA
"730",97.2,40.37,730,"China",NA
"731",122.39,41.4,731,"China",1969
"732",121.39,41.98,732,"China",NA
"733",118.26,37.49,733,"China",1962
"734",118.51,36.69,734,"China",NA
"735",89.42,31.13,735,"China",1999
"736",89.89,31.23,736,"China",1999
"737",90.07,30.92,737,"China",1999
"738",97.78,40.76,738,"China",NA
"739",97.74,40.05,739,"China",1945
"740",91.18,37.69,740,"China",NA
"741",91.26,38.34,741,"China",NA
"742",106.89,24.15,742,"China",NA
"743",106.92,23.59,743,"China",NA
"744",113.27,32.56,744,"China",NA
"745",112.76,32.8,745,"China",1971
"746",95.01,38.17,746,"China",NA
"747",94.79,37.55,747,"China",2001
"748",105.9,29.81,748,"China",1956
"749",107.06,28.98,749,"China",NA
"750",114.5,4.41,750,"Brunei",1945
"751",114.81,4.83,751,"Brunei",1955
"752",92.06,22.02,752,"Bangladesh",NA
"753",90.77,22.46,753,"Bangladesh",1993
"754",91.43,22.9,754,"Bangladesh",1967
"755",91.5,25.01,755,"Bangladesh",1959
"756",91.29,24.23,756,"Bangladesh",1955
"757",143,-38.47,757,"Australia",1979
"758",142.04,-38.17,758,"Australia",NA
"759",141.22,-37.95,759,"Australia",NA
"760",147.95,-37.77,760,"Australia",1945
"761",140.78,-37.49,761,"Australia",1987
"762",150.79,-33.92,762,"Australia",1945
"763",115.37,-33.85,763,"Australia",1968
"764",115.64,-30.92,764,"Australia",1965
"765",149.6,-30.36,765,"Australia",NA
"766",115.24,-29.49,766,"Australia",1964
"767",152.85,-28.9,767,"Australia",NA
"768",150.27,-27.37,768,"Australia",1961
"769",137.67,-26.42,769,"Australia",NA
"770",149.03,-27.19,770,"Australia",1965
"771",141.52,-27.4,771,"Australia",1964
"772",150.04,-26.18,772,"Australia",1964
"773",143.06,-25.56,773,"Australia",1984
"774",141.65,-25.62,774,"Australia",1984
"775",144.81,-25.36,775,"Australia",NA
"776",152.42,-25.16,776,"Australia",NA
"777",133.99,-24.09,777,"Australia",1981
"778",132.76,-24,778,"Australia",1965
"779",146,-24,779,"Australia",NA
"780",131.67,-24.07,780,"Australia",1963
"781",114.02,-22.44,781,"Australia",1953
"782",115.74,-21.42,782,"Australia",1982
"783",123.71,-18.76,783,"Australia",NA
"784",124.29,-17.54,784,"Australia",1981
"785",133.57,-16.62,785,"Australia",1956
"786",128.88,-15.24,786,"Australia",1985
"787",148.68,-24.58,787,"Australia",1964
"788",148.35,-25.63,788,"Australia",NA
"789",114.83,-21.91,789,"Australia",NA
"790",115.22,-21.77,790,"Australia",1981
"791",61.46,34.53,791,"Afghanistan",NA
"792",62.54,35.08,792,"Afghanistan",NA
"793",64.06,35.8,793,"Afghanistan",1979
"794",65.73,36.46,794,"Afghanistan",1956
"795",67.27,36.79,795,"Afghanistan",1977
"796",9.73,31.63,796,"Tunisia",1964
"797",9.21,33.14,797,"Tunisia",1964
"798",8.45,33.38,798,"Tunisia",1964
"799",10.69,33.45,799,"Tunisia",1948
"800",8.53,34.43,800,"Tunisia",1981
"801",8.98,35.47,801,"Tunisia",1966
"802",10.32,35.19,802,"Tunisia",1948
"803",10.64,36.64,803,"Tunisia",1948
"804",32.97,10.02,804,"Sudan",1982
"805",29.41,9.68,805,"Sudan",1980
"806",27.22,11.12,806,"Sudan",1979
"807",44.8,1.97,807,"Somalia",1965
"808",-17.1,14.76,808,"Senegal",1961
"809",7.19,6.54,809,"Nigeria",1967
"810",8.42,5.13,810,"Nigeria",1967
"811",6.42,5.32,811,"Nigeria",1956
"812",12.76,15.79,812,"Niger",1975
"813",35.11,-23.8,813,"Mozambique",1961
"814",34.92,-21.47,814,"Mozambique",1957
"815",34.7,-20.68,815,"Mozambique",NA
"816",34.6,-19.97,816,"Mozambique",1962
"817",-5.33,32.68,817,"Morocco",1980
"818",-9.35,31.4,818,"Morocco",1957
"819",-5.92,34.37,819,"Morocco",1945
"820",44.11,-21.84,820,"Madagascar (Malagasy)",1955
"821",44.54,-19.27,821,"Madagascar (Malagasy)",1945
"822",13.45,25.78,822,"Libya",NA
"823",12.02,26.3,823,"Libya",1997
"824",9.96,27.03,824,"Libya",NA
"825",10.6,27.48,825,"Libya",1970
"826",11.28,27.73,826,"Libya",NA
"827",11.25,28.71,827,"Libya",NA
"828",10.04,28.75,828,"Libya",NA
"829",15.99,29.5,829,"Libya",NA
"830",20.7,30.06,830,"Libya",NA
"831",20.43,30.59,831,"Libya",NA
"832",20.56,31.14,832,"Libya",NA
"833",22.39,31.82,833,"Libya",NA
"834",12.4,30.15,834,"Libya",1974
"835",11.71,32.1,835,"Libya",1959
"836",10.88,31.19,836,"Libya",1974
"837",17.83,28.12,837,"Libya",1956
"838",17.14,28.39,838,"Libya",NA
"839",19.91,28.81,839,"Libya",1956
"840",11.1,-3.72,840,"Gabon",NA
"841",10.42,-0.45,841,"Gabon",NA
"842",9.72,-1.67,842,"Gabon",1956
"843",44.22,6.17,843,"Ethiopia",1972
"844",30.61,29.83,844,"Egypt",1971
"845",33.41,28.61,845,"Egypt",1953
"846",33.15,27.93,846,"Egypt",1945
"847",32.94,29.49,847,"Egypt",1974
"848",32.23,30.97,848,"Egypt",1967
"849",31.06,31.22,849,"Egypt",1967
"850",27.3,30.74,850,"Egypt",1969
"851",28.58,29.79,851,"Egypt",1971
"852",12.46,-5.85,852,"DR Congo (Zaire)",1972
"853",12.02,-4.61,853,"Congo",1951
"854",16.36,10.94,854,"Chad",2003
"855",16.34,8.7,855,"Chad",1975
"856",18.98,9.34,856,"Chad",1974
"857",20.22,9.69,857,"Chad",1974
"858",14.21,14.45,858,"Chad",1974
"859",9.89,3.72,859,"Cameroon",1955
"860",8.67,4.65,860,"Cameroon",1972
"861",13.8,-10.29,861,"Angola",NA
"862",13.44,-9.25,862,"Angola",1955
"863",12.57,-6.34,863,"Angola",1969
"864",12.32,-5.21,864,"Angola",NA
"865",1.87,25.32,865,"Algeria",NA
"866",0.97,25.64,866,"Algeria",NA
"867",0.15,26.83,867,"Algeria",NA
"868",2.25,26.89,868,"Algeria",1960
"869",2.51,28.47,869,"Algeria",NA
"870",0.12,28.14,870,"Algeria",1957
"871",1.39,28.56,871,"Algeria",NA
"872",2.24,29.03,872,"Algeria",NA
"873",3.37,29.33,873,"Algeria",1967
"874",8.61,29.38,874,"Algeria",NA
"875",5.11,30.32,875,"Algeria",1969
"876",1.83,30.91,876,"Algeria",NA
"877",-1.4,31.21,877,"Algeria",NA
"878",7.51,30.69,878,"Algeria",1959
"879",2.45,32.48,879,"Algeria",NA
"880",4.1,32.28,880,"Algeria",NA
"881",5.78,31.93,881,"Algeria",1956
"882",3.22,33.1,882,"Algeria",1957
"883",7.28,34.48,883,"Algeria",1976
"884",7.98,34.85,884,"Algeria",1960
"885",3.71,35.95,885,"Algeria",1946
"886",7.59,29.43,886,"Algeria",NA
"887",8.56,28.13,887,"Algeria",1956
"888",0.55,35.93,888,"Algeria",1945
"889",0.38,35.51,889,"Algeria",1963
"890",30.32,8.47,890,"Sudan",1998
"891",19.75,40.79,891,"Albania",1945
